Ime bitke ali vojne,Datum
American Revolutionary War,1.Januar
American Civil War,1.Januar
Cristero War,1.Januar
World War II,1.Januar
Cold War,1.Januar
War between India and Pakistan,1.Januar
American Revolutionary War,2.Januar
Northwest Indian War,2.Januar
Uruguayan War,2.Januar
World War II,2.Januar
civilian awards,2.Januar
Vietnam War,2.Januar
Sri Lankan Civil War,2.Januar
Battle of Princeton,3.Januar
American Civil War,3.Januar
Franco-Prussian War,3.Januar
Sino-French War,3.Januar
First Balkan War,3.Januar
World War II,3.Januar
George Woolf Memorial Jockey Award,3.Januar
Cold War,3.Januar
Angolan War of Independence,3.Januar
Battle of Ruspina,4.Januar
Battle of Reading,4.Januar
Seven Years' War,4.Januar
Russo-Turkish War (1877–78),4.Januar
Sino-French War,4.Januar
World War II,4.Januar
Korean War,4.Januar
Battle of Nancy,5.Januar
Battle of Colmar,5.Januar
American Revolutionary War,5.Januar
John Edward Redmond,5.Januar
First Balkan War,5.Januar
1991–92 South Ossetia War,5.Januar
Somali Civil War,5.Januar
dwarf planet Eris,5.Januar
Edward the Confessor,6.Januar
Granada War,6.Januar
Arauco War,6.Januar
Battle of Jersey,6.Januar
Napoleonic Wars,6.Januar
Second Boer War,6.Januar
Korean War,6.Januar
Vietnam War,6.Januar
Broward County,6.Januar
Battle of Bhopal,7.Januar
Winter War,7.Januar
Howard Johnson's,7.Januar
Third Indochina War,7.Januar
Bosnian War,7.Januar
Battle of Blaauwberg,8.Januar
War of 1812,8.Januar
American Civil War,8.Januar
World War I,8.Januar
World War II,8.Januar
Finnish War Criminal Court,8.Januar
War on Poverty,8.Januar
Jin–Song Wars,9.Januar
Battle of Barari Ghat,9.Januar
Russo-Turkish War of 1787–92,9.Januar
Napoleonic Wars,9.Januar
American Civil War,9.Januar
Howard University,9.Januar
World War I,9.Januar
Battle of Rafa,9.Januar
American Indian Wars,9.Januar
Ukrainian War of Independence,9.Januar
Greco-Turkish War,9.Januar
World War II,9.Januar
First Chechen War,9.Januar
Second Sudanese Civil War,9.Januar
civil war,10.Januar
Battle of Vaslui,10.Januar
Northwest Indian War,10.Januar
American Civil War,10.Januar
World War I,10.Januar
World War II,10.Januar
Indo-Pakistani War of 1965,10.Januar
Salvadoran Civil War,10.Januar
Time Warner,10.Januar
Arauco War,11.Januar
American Civil War,11.Januar
Battle of Arkansas Post,11.Januar
Anglo-Zulu War,11.Januar
World War I,11.Januar
World War II,11.Januar
Battle of Tarakan,11.Januar
Cold War,11.Januar
World War II,12.Januar
Vietnam War,12.Januar
Nigerian Civil War,12.Januar
Persian Gulf War,12.Januar
"Henry Howard, Earl of Surrey",13.Januar
French Revolutionary Wars,13.Januar
War of 1812,13.Januar
First Anglo-Afghan War,13.Januar
Mexican–American War,13.Januar
Battle of Chillianwala,13.Januar
First Italo-Ethiopian War,13.Januar
World War II,13.Januar
First Indochina War,13.Januar
Battle of Edchera,13.Januar
Edward Akufo-Addo,13.Januar
American Revolutionary War,14.Januar
World War II,14.Januar
American Revolutionary War,15.Januar
War of 1812,15.Januar
Greek War of Independence,15.Januar
American Civil War,15.Januar
Spanish Civil War,15.Januar
World War II,15.Januar
Chinese Civil War,15.Januar
Nigerian Civil War,15.Januar
Vietnam War,15.Januar
Angolan War of Independence,15.Januar
Gothic War,16.Januar
"Thomas Howard, 4th Duke of Norfolk",16.Januar
Battle of Narela,16.Januar
American Revolutionary War,16.Januar
Peninsular War,16.Januar
Westward expansion of the United States,16.Januar
Russo-Turkish War (1877–78),16.Januar
World War II,16.Januar
Gulf War,16.Januar
Salvadoran Civil War,16.Januar
Second Congo War,16.Januar
Spanish–American War,16.Januar
War in Afghanistan,16.Januar
Syrian civil war,16.Januar
Mali War,16.Januar
French Wars of Religion,17.Januar
English Civil War,17.Januar
War of the Three Kingdoms,17.Januar
American Revolutionary War,17.Januar
Mexican War of Independence,17.Januar
Modoc War,17.Januar
Battle of Abu Klea,17.Januar
World War I,17.Januar
Finnish Civil War,17.Januar
Franco-Thai War,17.Januar
World War II,17.Januar
Warsaw,17.Januar
Gulf War,17.Januar
Edward IV,18.Januar
Franco-Prussian War,18.Januar
First Balkan War,18.Januar
World War I,18.Januar
World War II,18.Januar
Warsaw Ghetto Uprising,18.Januar
Yom Kippur War,18.Januar
Sierra Leone Civil War,18.Januar
Hundred Years' War,19.Januar
Battle of Bogesund,19.Januar
American Civil War,19.Januar
Battle of Mill Springs,19.Januar
Franco-Prussian War,19.Januar
German strategic bombing during World War I,19.Januar
Howard Hughes,19.Januar
World War II,19.Januar
war criminals,19.Januar
Gulf War,19.Januar
Edward Balliol,20.Januar
Battle of Rio de Janeiro,20.Januar
American Revolutionary War,20.Januar
Battle of Rạch Gầm-Xoài Mút,20.Januar
Battle of Yungay,20.Januar
First Opium War,20.Januar
World War II,20.Januar
Bangladesh Liberation War,20.Januar
civil war,20.Januar
Syrian civil war,20.Januar
Battle of Bakhamra,21.Januar
Irish War of Independence,21.Januar
Battle of Sarantaporos,21.Januar
Vietnam War,21.Januar
War on Drugs,21.Januar
three-week war,21.Januar
Battle of Basing,22.Januar
Battle of Ridaniya,22.Januar
Second Anglo-Sikh War,22.Januar
Anglo-Zulu War,22.Januar
Battle of Rorke's Drift,22.Januar
Edward VII,22.Januar
American entry into World War I,22.Januar
World War II,22.Januar
Battle of Buna–Gona,22.Januar
war elephant,23.Januar
Second Barons' War,23.Januar
"James Stewart, 1st Earl of Moray",23.Januar
Anglo-Zulu War,23.Januar
Second Boer War,23.Januar
World War II,23.Januar
Guinea-Bissau War of Independence,23.Januar
China–United States trade war,23.Januar
Arauco War,24.Januar
Seven Years' War,24.Januar
Second Boer War,24.Januar
World War I,24.Januar
World War II,24.Januar
Algerian War,24.Januar
Vietnam War,24.Januar
Battle of the Zab,25.Januar
Edward III,25.Januar
First Ottoman–Venetian War,25.Januar
Battle of Mikatagahara,25.Januar
Battle of Ayubale,25.Januar
Second Sino-Japanese War,25.Januar
World War II,25.Januar
Battle of the Bulge,25.Januar
Emmy Awards,25.Januar
Livonian War,26.Januar
Battle of Seattle,26.Januar
American Civil War,26.Januar
Secretary of War,26.Januar
Finnish Civil War,26.Januar
Poorna Swaraj,26.Januar
Spanish Civil War,26.Januar
World War II,26.Januar
Syrian civil war,26.Januar
American Revolutionary War,27.Januar
Boshin War,27.Januar
World War I,27.Januar
Finnish Civil War,27.Januar
World War II,27.Januar
Cold War,27.Januar
Vietnam War,27.Januar
white dwarf,27.Januar
Edward VI,28.Januar
Warsaw Confederation,28.Januar
Sir Thomas Warner,28.Januar
Battle of Aliwal,28.Januar
Franco-Prussian War,28.Januar
Spanish–American War,28.Januar
Finnish Civil War,28.Januar
Franco-Thai War,28.Januar
World War II,28.Januar
War of the Sixth Coalition,29.Januar
Warrant,29.Januar
Patrick Edward Connor,29.Januar
Ukrainian–Soviet War,29.Januar
World War II,29.Januar
Cold War,29.Januar
Gulf War,29.Januar
Wareru,30.Januar
Eighty Years' War,30.Januar
Russian-Polish War of 1654-1667,30.Januar
Delaware River,30.Januar
Edward Bransfield,30.Januar
ironclad warship,30.Januar
world war,30.Januar
World War II,30.Januar
Battle of Cisterna,30.Januar
Jebel Akhdar War,30.Januar
Vietnam War,30.Januar
Battle of Lena,31.Januar
Italian War,31.Januar
Eighty Years' War,31.Januar
Milwaukee Bridge War,31.Januar
white dwarf,31.Januar
American Civil War,31.Januar
World War I,31.Januar
resumption of unrestricted submarine warfare,31.Januar
Finnish Civil War,31.Januar
Battle of George Square,31.Januar
World War II,31.Januar
Battle of Cisterna,31.Januar
Civil War,31.Januar
Battle of Hill 170,31.Januar
Cold War,31.Januar
Korean War,31.Januar
Vietnam War,31.Januar
Vietnam Veterans Against the War,31.Januar
World War II,31.Januar
Edward III,1.Februar
French Revolutionary Wars,1.Februar
Newark,1.Februar
American Civil War,1.Februar
Second Schleswig War,1.Februar
World War II,1.Februar
Vietnam War,1.Februar
Warren Anderson,1.Februar
Battle of Lüneburg Heath,2.Februar
Battle of Lincoln,2.Februar
Battle of Mortimer's Cross,2.Februar
Wars of the Three Kingdoms,2.Februar
Mexican–American War,2.Februar
warlocks of Chiloé,2.Februar
World War II,2.Februar
Indo-Pakistani War of 1965,2.Februar
Soviet–Afghan War,2.Februar
Battle of Diu,3.Februar
Edward Fenton,3.Februar
Battle of Umberkhind,3.Februar
Battle of Fraustadt,3.Februar
American Revolutionary War,3.Februar
Argentine War of Independence,3.Februar
Greek War of Independence,3.Februar
World War I,3.Februar
World War II,3.Februar
Thirteen Years' War,4.Februar
American Civil War,4.Februar
Philippine–American War,4.Februar
Second Sino-Japanese War,4.Februar
World War II,4.Februar
Battle of Pokoku and Irrawaddy River operations,4.Februar
Angolan War of Independence,4.Februar
French Wars of Religion,5.Februar
Peninsular War,5.Februar
World War II,5.Februar
Third Punic War,5.Februar
American Revolutionary War,6.Februar
Battle of San Domingo,6.Februar
American Civil War,6.Februar
Spanish–American War,6.Februar
World War II,6.Februar
Korean War,6.Februar
Ugandan Bush War,6.Februar
Second Chechen War,6.Februar
Edward II of England,7.Februar
Guaraní War,7.Februar
American Revolutionary War,7.Februar
Napoleonic Wars,7.Februar
Battle of Debre Tabor,7.Februar
Second Boer War,7.Februar
World War II,7.Februar
Korean War,7.Februar
Robert L. Stewart,7.Februar
Battle of Al Mansurah,8.Februar
Byzantine civil war of 1341–47,8.Februar
Battle of Eylau,8.Februar
Delaware,8.Februar
Russo-Japanese war,8.Februar
Spanish Civil War,8.Februar
World War II,8.Februar
Anglo-Spanish War,9.Februar
American Revolutionary War,9.Februar
American Civil War,9.Februar
Russo-Japanese War,9.Februar
World War II,9.Februar
Pacific War,9.Februar
Battle of the Atlantic,9.Februar
Korean War,9.Februar
Vietnam War,9.Februar
Wars of Scottish Independence,10.Februar
French and Indian War,10.Februar
Napoleonic Wars,10.Februar
First Anglo-Sikh War,10.Februar
American Civil War,10.Februar
Second Italo-Abyssinian War,10.Februar
Spanish Civil War,10.Februar
World War II,10.Februar
Allies of World War II,10.Februar
Cold War,10.Februar
American Civil War,11.Februar
World War II,11.Februar
Cold War,11.Februar
Battle of the Herrings,12.Februar
Battle of Chacabuco,12.Februar
World War II,12.Februar
Cold War,12.Februar
Edward IV of England,13.Februar
Catherine Howard,13.Februar
Second Northern War,13.Februar
World War II,13.Februar
Korean War,13.Februar
Gulf War,13.Februar
Nepalese Civil War,13.Februar
white dwarf,13.Februar
American Revolutionary War,14.Februar
French Revolutionary Wars,14.Februar
Battle of Debre Abbay,14.Februar
War of the Pacific,14.Februar
Battle of the Tugela Heights,14.Februar
Polish–Soviet War,14.Februar
World War II,14.Februar
Battle of Pasir Panjang,14.Februar
First Indochina war,14.Februar
Anglo-French War (1213–1214),15.Februar
American Civil War,15.Februar
declare war,15.Februar
World War II,15.Februar
Distant Early Warning Line,15.Februar
Soviet–Afghan War,15.Februar
Protests against the Iraq war,15.Februar
Battle of Karuse,16.Februar
First English Civil War,16.Februar
First Barbary War,16.Februar
American Civil War,16.Februar
Secretary of State for War,16.Februar
Howard Carter,16.Februar
Austrian Civil War,16.Februar
World War II,16.Februar
Battle of Rudau,17.Februar
Battle of Hemmingstedt,17.Februar
Battle of Vasai,17.Februar
War of the Sixth Coalition,17.Februar
American Civil War,17.Februar
World War II,17.Februar
Sino-Vietnamese War,17.Februar
First Nagorno-Karabakh War,17.Februar
Cenepa War,17.Februar
Battle of Wesenberg,18.Februar
Edward IV of England,18.Februar
Eighty Years' War,18.Februar
Fourth Anglo-Dutch War,18.Februar
French Revolutionary Wars,18.Februar
Napoleonic Wars,18.Februar
Lincoln County War,18.Februar
Second Boer War,18.Februar
Second Sino-Japanese War,18.Februar
World War II,18.Februar
First Indochina War,18.Februar
Battle of Lugdunum,19.Februar
Third Anglo-Dutch War,19.Februar
Great Northern War,19.Februar
World War I,19.Februar
World War II,19.Februar
Battle of Kasserine Pass,19.Februar
Battle of Iwo Jima,19.Februar
Battle of Parabiago,20.Februar
Edward VI of England,20.Februar
Battle of Salta,20.Februar
American Civil War,20.Februar
Uruguayan War,20.Februar
World War II,20.Februar
Office of War Information,20.Februar
First Nagorno-Karabakh War,20.Februar
"West Warwick, Rhode Island",20.Februar
Finnish War,21.Februar
American Civil War,21.Februar
Balkan Wars,21.Februar
World War I,21.Februar
Warlord Rebellion in northeastern Shandong,21.Februar
Spanish Civil War,21.Februar
World War II,21.Februar
Battle of Monte Castello,21.Februar
Battle of Picotin,22.Februar
War of the Austrian Succession,22.Februar
Mexican–American War,22.Februar
American Civil War,22.Februar
Philippine–American War,22.Februar
World War II,22.Februar
Cold War,22.Februar
full-scale civil war,22.Februar
American Revolutionary War,23.Februar
Battle of the Alamo,23.Februar
Mexican–American War,23.Februar
U.S. Civil War,23.Februar
Sino-French War,23.Februar
Second Boer War,23.Februar
World War II,23.Februar
Battle of Iwo Jima,23.Februar
First War of Scottish Independence,24.Februar
Battle of Pavia,24.Februar
Cudgel War,24.Februar
Battle of Karnal,24.Februar
Mexican War of Independence,24.Februar
First Anglo-Burmese War,24.Februar
Cuban War of Independence,24.Februar
World War I,24.Februar
Battle of Los Angeles,24.Februar
1948 Arab-Israeli War,24.Februar
Vietnam War,24.Februar
All India Forward Bloc,24.Februar
Gulf War,24.Februar
Russo-Ukrainian War,24.Februar
World War I,25.Februar
Warsaw Pact,25.Februar
Battle of Benevento,26.Februar
World War II,26.Februar
First Nagorno-Karabakh War,26.Februar
Ingrian War,27.Februar
American Revolutionary War,27.Februar
against further war in America,27.Februar
Argentine War of Independence,27.Februar
American Civil War,27.Februar
First Boer War,27.Februar
Second Boer War,27.Februar
Second Boer War,27.Februar
World War II,27.Februar
Vietnam War,27.Februar
Gulf War,27.Februar
Queen Anne's War,29.Februar
Academy Award,29.Februar
Winter War,29.Februar
Vietnam War,29.Februar
Second Chechen War,29.Februar
Israel–Hamas war,29.Februar
Battle of Silva Arsia,1.Marc
Battle of Toro,1.Marc
French Wars of Religion,1.Marc
Paraguayan War,1.Marc
Franco-Prussian War,1.Marc
First Italo-Ethiopian War,1.Marc
Warwick Armstrong,1.Marc
World War II,1.Marc
Cold War,1.Marc
Burgundian Wars,2.Marc
American Revolutionary War,2.Marc
Argentine War of Independence,2.Marc
East Cape War,2.Marc
World War II,2.Marc
Battle of the Bismarck Sea,2.Marc
1991 Gulf War,2.Marc
war in Transnistria,2.Marc
War in Iraq,2.Marc
Battle of Tukaroi,3.Marc
American Revolutionary War,3.Marc
Battle of Brier Creek,3.Marc
Second Opium War,3.Marc
Russo-Turkish War,3.Marc
World War I,3.Marc
World War II,3.Marc
Battle of the Sit River,4.Marc
Wars of the Roses,4.Marc
Second Anglo-Dutch War,4.Marc
American Revolutionary War,4.Marc
War of 1812,4.Marc
Edward VII,4.Marc
First Balkan War,4.Marc
World War II,4.Marc
Battle of the Bismarck Sea,4.Marc
Battle of Fardykambos,4.Marc
war crimes,4.Marc
Battle of Aizkraukle,5.Marc
American Revolutionary War,5.Marc
Peninsular War,5.Marc
First Anglo-Burmese War,5.Marc
Italo-Turkish War,5.Marc
Spanish Civil War,5.Marc
World War II,5.Marc
Cold War,5.Marc
Yom Kippur War,5.Marc
Syrian civil war,5.Marc
Thirteen Years' War,6.Marc
Battle of the Alamo,6.Marc
Italo-Turkish War,6.Marc
World War II,6.Marc
Battle of Fardykambos,6.Marc
Cold War,6.Marc
Ottoman–Venetian War,7.Marc
Battle of Craonne,7.Marc
Edward Gibbon Wakefield,7.Marc
civil war,7.Marc
American Civil War,7.Marc
Second Boer War,7.Marc
World War II,7.Marc
Cold War,7.Marc
Korean War,7.Marc
Vietnam War,7.Marc
Suhrawardy Udyan,7.Marc
Battle of Hausbergen,8.Marc
Northern Wars,8.Marc
Battle of Gulnabad,8.Marc
War of the Second Coalition,8.Marc
World War I,8.Marc
Spanish Civil War,8.Marc
World War II,8.Marc
Vietnam War,8.Marc
Cold War,8.Marc
Khwarazmian,9.Marc
Battle of Klokotnitsa,9.Marc
Battle of Tacuarí,9.Marc
Mexican–American War,9.Marc
American Civil War,9.Marc
World War II,9.Marc
First Punic War,10.Marc
Battle of Laon,10.Marc
Mexican–American War,10.Marc
Greek Civil War,10.Marc
World War II,10.Marc
Vietnam War,10.Marc
Battle of Castagnaro,11.Marc
Battle of Mbororé,11.Marc
Second Anglo-Mysore War,11.Marc
Battle of Kharda,11.Marc
Flagstaff War,11.Marc
American Civil War,11.Marc
World War I,11.Marc
World War II,11.Marc
Eighty Years' War,12.Marc
Williamite War in Ireland,12.Marc
Peninsular War,12.Marc
Winter War,12.Marc
Battle of Java,12.Marc
Cold War,12.Marc
Warsaw Pact,12.Marc
Battle of Badr,13.Marc
Eighty Years' War,13.Marc
Battle of Tondibi,13.Marc
War of Jenkins' Ear,13.Marc
Napoleonic Wars,13.Marc
Second Boer War,13.Marc
Winter War,13.Marc
First Indochina War,13.Marc
Battle of Mogyoród,14.Marc
French Wars of Religion,14.Marc
Thirty Years' War,14.Marc
Third Anglo-Dutch War,14.Marc
Articles of War,14.Marc
American Revolutionary War,14.Marc
Korean War,14.Marc
Warsaw,14.Marc
war,15.Marc
Battle of Riade,15.Marc
Battle of Halmyros,15.Marc
Finnish Civil War,15.Marc
Ukrainian War of Independence,15.Marc
World War II,15.Marc
Ethio-Somali War,15.Marc
Cold War,15.Marc
Syrian Civil War,15.Marc
Nine Years' War,16.Marc
Finnish Civil War,16.Marc
World War II,16.Marc
Vietnam War,16.Marc
Lebanese Civil War,16.Marc
Sino-Vietnamese War,16.Marc
Peshawar,16.Marc
Battle of Munda,17.Marc
"Edward, the Black Prince",17.Marc
First Taranaki War,17.Marc
prisoner of war,17.Marc
Eritrean War of Independence,17.Marc
Battle of Chmielnik,18.Marc
Third Anglo-Powhatan War,18.Marc
Battle of Neerwinden,18.Marc
American Civil War,18.Marc
World War I,18.Marc
Spanish Civil War,18.Marc
World War II,18.Marc
War Relocation Authority,18.Marc
Algerian War of Independence,18.Marc
Isabella Stewart Gardner Museum,18.Marc
Battle of Yamen,19.Marc
French Wars of Religion,19.Marc
American Civil War,19.Marc
Irish War of Independence,19.Marc
World War II,19.Marc
Algerian War of Independence,19.Marc
Falklands War,19.Marc
Six Days War,19.Marc
Libyan Civil War,19.Marc
War against Sigismund,20.Marc
World War II,20.Marc
Eritrean War of Independence,20.Marc
Warrington,20.Marc
Iraq War,20.Marc
Syrian civil war,20.Marc
Battle of Vincy,21.Marc
Battle of Alexandria,21.Marc
Napoleonic Wars,21.Marc
Greek War of Independence,21.Marc
World War I,21.Marc
war communism,21.Marc
World War II,21.Marc
Battle of the Transdanubian Hills,21.Marc
Battle of Karameh,21.Marc
Cold War,21.Marc
Battle of Marton,22.Marc
Battle of Yashima,22.Marc
Second Anglo-Powhatan War,22.Marc
Anglo-Spanish War (1654–1660),22.Marc
Battle of Croix-des-Bouquets,22.Marc
Battle of Novara,22.Marc
World War II,22.Marc
Syrian civil war,22.Marc
French Wars of Religion,23.Marc
American Revolutionary War,23.Marc
Greek War of Independence,23.Marc
American Civil War,23.Marc
War of the Pacific,23.Marc
Sino-French War,23.Marc
First World War,23.Marc
Slovak–Hungarian War,23.Marc
Battle of Cuito Cuanavale,23.Marc
Sierra Leone Civil War,23.Marc
Battle of Nasiriyah,23.Marc
Battle of Margate,24.Marc
Tītokowaru,24.Marc
World War II,24.Marc
Edward Heath,24.Marc
Indian intervention in the Sri Lankan Civil War,24.Marc
Kosovo War,24.Marc
Syrian civil war,24.Marc
Greek War of Independence,25.Marc
American Civil War,25.Marc
Ward Cunningham,25.Marc
Syrian civil war,25.Marc
First Balkan War,26.Marc
World War I,26.Marc
Spanish Civil War,26.Marc
World War II,26.Marc
Battle of Iwo Jima,26.Marc
Bangladesh Liberation War,26.Marc
Anwar al-Sadat,26.Marc
Algerian Civil War,26.Marc
American War of Independence,27.Marc
Peninsular War,27.Marc
War of 1812,27.Marc
Apache Wars,27.Marc
Philippine–American War,27.Marc
Philippine–American War,27.Marc
Second Sino-Japanese War,27.Marc
World War II,27.Marc
Battle of the Komandorski Islands,27.Marc
declares war,27.Marc
warning strike,27.Marc
Kosovo War,27.Marc
Peninsular War,28.Marc
War of 1812,28.Marc
Crimean War,28.Marc
First Taranaki War,28.Marc
American Civil War,28.Marc
World War I,28.Marc
Finnish Civil War,28.Marc
Spanish Civil War,28.Marc
World War II,28.Marc
Cold War,28.Marc
Kosovo War,28.Marc
Edward of York,29.Marc
Mexican–American War,29.Marc
Anglo-Zulu War,29.Marc
World War II,29.Marc
Bombing of Lübeck in World War II,29.Marc
Vietnam War,29.Marc
Hyphen War,29.Marc
Six-Day War,29.Marc
Edward I,30.Marc
Dominican War of Independence,30.Marc
Origins of the American Civil War,30.Marc
Crimean War,30.Marc
William H. Seward,30.Marc
Second Sino-Japanese War,30.Marc
World War II,30.Marc
Cold War,30.Marc
Vietnam War,30.Marc
Events preceding World War II in Europe,31.Marc
World War II,31.Marc
Warsaw Pact,31.Marc
Iraq War in Anbar Province,31.Marc
dwarf planet,31.Marc
Eighty Years' War,1.April
American Civil War,1.April
Spanish Civil War,1.April
World War II,1.April
Cold War,1.April
Chinese Civil War,1.April
War Office,1.April
Bangladesh Liberation War,1.April
war crimes,1.April
French Revolutionary Wars,2.April
American Civil War,2.April
American entry into World War I,2.April
Vietnam War,2.April
Falklands War,2.April
Edward the Confessor,3.April
Italian Wars,3.April
American Civil War,3.April
World War II,3.April
Cold War,3.April
Vietnam War,3.April
Battle of Gallipoli (1416),4.April
English Civil War,4.April
American Civil War,4.April
First Balkan War,4.April
World War II,4.April
Greek Civil War,4.April
Cold War,4.April
Vietnam War,4.April
Iran–Iraq War,4.April
Angolan Civil War,4.April
Battle of Maipú,5.April
American Civil War,5.April
War of the Pacific,5.April
Spanish Civil War,5.April
World War II,5.April
Cold War,5.April
Bosnian War,5.April
U.S. Consulate in Peshawar,5.April
Battle of Thapsus,6.April
Battle of Pollentia,6.April
American Revolutionary War,6.April
Peninsular War,6.April
American Civil War,6.April
Battle of Sailor's Creek,6.April
Battle of Deçiq,6.April
World War I,6.April
Finnish Civil War,6.April
World War II,6.April
Battle of Slater's Knoll,6.April
Tony Awards,6.April
Vietnam War,6.April
Abdel Rahman Swar al-Dahab,6.April
Bosnian War,6.April
Burmese–Siamese War (1765–1767),7.April
Greek War of Independence,7.April
American Civil War,7.April
World War II,7.April
Vietnam War,7.April
First Chechen War,7.April
Iraq War,7.April
Syrian Civil War,7.April
Battle of Dayr al-'Aqul,8.April
Battle of Fariskur,8.April
Black Hawk War,8.April
Austro-Prussian War,8.April
William Ewart Gladstone,8.April
World War I,8.April
Batukeshwar Dutt,8.April
World War II,8.April
War in Darfur,8.April
Syrian Civil War,8.April
Battle of Liegnitz,9.April
Battle of Bach Dang,9.April
Battle of Näfels,9.April
Eighty Years' War,9.April
American Revolutionary War,9.April
American Civil War,9.April
World War I,9.April
Battle of the Lys,9.April
World War II,9.April
Battle of Bataan,9.April
Battle of Königsberg,9.April
Glazier–Higgins–Woodward tornadoes,9.April
Iraq War,9.April
War of the Austrian Succession,10.April
Napoleonic Wars,10.April
Greek War of Independence,10.April
American Civil War,10.April
World War II,10.April
Art of War,10.April
Vietnam War,10.April
Battle of Mohi,11.April
War of the League of Cambrai,11.April
Italian War of 1542–46,11.April
War of the Spanish Succession,11.April
Battle of the Basque Roads,11.April
War of the Sixth Coalition,11.April
World War II,11.April
Korean War,11.April
Battle of the Saintes,12.April
American Civil War,12.April
Battle of Fort Pillow,12.April
World War I,12.April
World War II,12.April
Thirteen Years' War,13.April
American Revolutionary War,13.April
American Civil War,13.April
World War II,13.April
Academy Awards,13.April
Vietnam War,13.April
Lebanese Civil War,13.April
Battle of Forum Gallorum,14.April
Tokhtamysh–Timur war,14.April
Edward IV,14.April
Thirty Years' War,14.April
William H. Seward,14.April
World War II,14.April
Hundred Years' War,15.April
Thirty Years' War,15.April
Irish Confederate Wars,15.April
Yamasee War,15.April
American Civil War,15.April
Philippine–American War,15.April
George Cross is awarded,15.April
Cambodian Civil War,15.April
South Sudanese Civil War,15.April
Battle of Megido,16.April
First Jewish–Roman War,16.April
Battle of Culloden,16.April
French Revolutionary Wars,16.April
Pastry War,16.April
New Zealand Wars,16.April
American Civil War,16.April
Polish–Lithuanian War,16.April
World War II,16.April
Battle of the Seelow Heights,16.April
prisoner-of-war camp,16.April
Cold War,16.April
American Civil War,17.April
Battle of Plymouth,17.April
First Sino-Japanese War,17.April
World War II,17.April
prisoner of war,17.April
Cambodian Civil War,17.April
war lasting 335 years,17.April
Wars in Lombardy,18.April
Battle of Dybbøl,18.April
Greco-Turkish War,18.April
World War I,18.April
mine warfare in high altitude,18.April
World War II,18.April
war crimes,18.April
Battle of Callinicum,19.April
American Revolutionary War,19.April
Duchy of Warsaw,19.April
American Civil War,19.April
World War II,19.April
Warsaw Ghetto Uprising,19.April
Vietnam War,19.April
Battle of Santa Cruz de Tenerife,20.April
Konbaung–Hanthawaddy War,20.April
American Revolutionary War,20.April
French Revolutionary Wars,20.April
Battle of Abensberg,20.April
American Civil War,20.April
Russo-Turkish War,20.April
Spanish–American War,20.April
Colorado Coalfield War,20.April
World War II,20.April
Cold War,20.April
2020 Russia-Saudi Arabia oil price war,20.April
Battle of Mutina,21.April
Battle of Eckmühl,21.April
Battle of San Jacinto,21.April
Spanish–American War,21.April
World War I,21.April
World War II,21.April
Vietnam War,21.April
Battle of Eckmühl,22.April
Battle of San Jacinto,22.April
Spanish–American War,22.April
World War I,22.April
World War II,22.April
Arab–Israeli War,22.April
Korean War,22.April
Battle of Clontarf,23.April
Edward III,23.April
Battle of Villalar,23.April
Anglo-Spanish War,23.April
Chilean Civil War,23.April
World War I,23.April
World War II,23.April
Chinese Civil War,23.April
Cold War,23.April
Vietnam War,23.April
Bangladesh Liberation War,23.April
Trojan War,24.April
Battle of Mühlberg,24.April
Russo-Turkish War,24.April
World War I,24.April
World War II,24.April
Cold War,24.April
Vietnam War,24.April
Dawda Jawara,24.April
Peloponnesian War,25.April
Battle of Bagrevand,25.April
Eighty Years' War,25.April
War of the Spanish Succession,25.April
Dano-Swedish War of 1808–1809,25.April
Mexican–American War,25.April
American Civil War,25.April
Battle of Marks' Mills,25.April
Spanish–American War,25.April
World War I,25.April
Allied Powers of World War I,25.April
World War II,25.April
Lapland War,25.April
Korean War,25.April
Vietnam War,25.April
Cold War,25.April
Warwickshire,26.April
War of the First Coalition,26.April
First Barbary War,26.April
World War I,26.April
Battle of Mount Street Bridge,26.April
Spanish Civil War,26.April
World War II,26.April
"Port Newark, New Jersey",26.April
First War of Scottish Independence,27.April
Battle of Mactan,27.April
Battle of Carbisdale,27.April
First Barbary War,27.April
War of 1812,27.April
World War II,27.April
Lapland War,27.April
World War II,27.April
war memorial,27.April
Battle of Hormozdgan,28.April
Battle of Cerignola,28.April
Dutch–Portuguese War,28.April
French Revolutionary Wars,28.April
World War II,28.April
Allies of World War II,28.April
Second Sino-Japanese War,28.April
Vietnam War,28.April
Vietnam War,28.April
Battle of Levounion,29.April
Swedish War of Liberation,29.April
American Revolutionary War,29.April
Maryland in the American Civil War,29.April
American Civil War,29.April
American Civil War,29.April
World War I,29.April
war crimes,29.April
Vietnam War,29.April
Eighty Years' War,30.April
World War II,30.April
Vietnam War,30.April
Wars of Scottish Independence,1.Maj
American Civil War,1.Maj
Battle of Port Gibson,1.Maj
Spanish–American War,1.Maj
World War II,1.Maj
Cold War,1.Maj
Vietnam War,1.Maj
Falklands War,1.Maj
Angolan Civil War,1.Maj
Syrian civil war,1.Maj
Peninsular War,2.Maj
Mexican War of Independence,2.Maj
American Civil War,2.Maj
Battle of Callao,2.Maj
Battle of Cut Knife,2.Maj
World War II,2.Maj
Vietnam War,2.Maj
Falklands War,2.Maj
Cold War,2.Maj
Croatian War of Independence,2.Maj
Finnish War,3.Maj
Peninsular War,3.Maj
Neapolitan War,3.Maj
All India Forward Bloc,3.Maj
World War II,3.Maj
Kargil War,3.Maj
Wars of the Roses,4.Maj
Fourth Anglo-Mysore War,4.Maj
World War II,4.Maj
1st Annual Grammy Awards,4.Maj
Vietnam War,4.Maj
Falklands War,4.Maj
Battle of Puebla,5.Maj
American Civil War,5.Maj
American Indian Wars,5.Maj
World War II,5.Maj
Battle of Castle Itter,5.Maj
war crimes,5.Maj
Seven Years' War,6.Maj
Konbaung–Hanthawaddy War,6.Maj
War of Indian Independence,6.Maj
American Civil War,6.Maj
Battle of Chancellorsville,6.Maj
Edward VII,6.Maj
World War II,6.Maj
Battle of Vrtijeljka,7.Maj
Pontiac's War,7.Maj
French Revolutionary Wars,7.Maj
American Civil War,7.Maj
World War I,7.Maj
Polish–Soviet War,7.Maj
Spanish Civil War,7.Maj
World War II,7.Maj
Battle of the Coral Sea,7.Maj
Indochina War,7.Maj
Cold War,7.Maj
Kosovo War,7.Maj
Battle of Jinyang,8.Maj
Edward III of England,8.Maj
Peshawar,8.Maj
Greek War of Independence,8.Maj
Mexican–American War,8.Maj
Edward George Honey,8.Maj
World War II,8.Maj
Battle of the Coral Sea,8.Maj
Vietnam War,8.Maj
Second Schleswig War,9.Maj
American Civil War,9.Maj
World War I,9.Maj
Polish–Soviet War,9.Maj
World War II,9.Maj
Cold War,9.Maj
Warsaw,9.Maj
First Nagorno-Karabakh War,9.Maj
Russo-Ukrainian War,9.Maj
Edward I of England,10.Maj
Great Northern War,10.Maj
American Revolutionary War,10.Maj
War of the First Coalition,10.Maj
First Barbary War,10.Maj
World War II,10.Maj
Vietnam War,10.Maj
Syrian civil war,10.Maj
Great Northern War,11.Maj
World War II,11.Maj
Second Chechen War,11.Maj
French Wars of Religion,12.Maj
American Revolutionary War,12.Maj
War of the First Coalition,12.Maj
Finnish War,12.Maj
Greek War of Independence,12.Maj
American Civil War,12.Maj
Battle of Raymond,12.Maj
Battle of Spotsylvania Court House,12.Maj
Battle of Palmito Ranch,12.Maj
Battle of Batoche,12.Maj
World War II,12.Maj
Cold War,12.Maj
Vietnam War,12.Maj
Indochina Wars,12.Maj
WannaCry ransomware attack,12.Maj
"civil war between Queen Mary and the supporters of her son, James VI.",13.Maj
War of the Bavarian Succession,13.Maj
Mexican–American War,13.Maj
American Civil War,13.Maj
World War II,13.Maj
Arab–Israeli War,13.Maj
Battle of Lewes,14.Maj
Battle of Agnadello,14.Maj
War of the Austrian Succession,14.Maj
Edward Jenner,14.Maj
American Civil War,14.Maj
Boshin War,14.Maj
World War II,14.Maj
1948 Arab–Israeli War,14.Maj
Cold War,14.Maj
Salvadoran Civil War,14.Maj
Battle of Piccadilly Gardens,14.Maj
German Peasants' War,15.Maj
Battle of New Market,15.Maj
Finnish Civil War,15.Maj
World War II,15.Maj
Battle of Poljana,15.Maj
1948 Arab–Israeli War,15.Maj
Soviet–Afghan War,15.Maj
Hundred Years' War,16.Maj
Battle of Vasai,16.Maj
Battle of Alamance,16.Maj
Peninsular War,16.Maj
Russo-Turkish War,16.Maj
Greek War of Independence,16.Maj
Liberal Wars,16.Maj
American Civil War,16.Maj
Academy Awards,16.Maj
Warsaw Ghetto Uprising,16.Maj
Battle of Rovine,17.Maj
"Edward Stafford, 3rd Duke of Buckingham",17.Maj
Battle of Zusmarshausen,17.Maj
Seven Years' War,17.Maj
American Civil War,17.Maj
Spanish Civil War,17.Maj
World War II,17.Maj
Six-Day War,17.Maj
Iran–Iraq War,17.Maj
Battle of Buyur Lake,18.Maj
Seven Years' War,18.Maj
War of the First Coalition,18.Maj
Napoleonic Wars,18.Maj
Battle of Las Piedras,18.Maj
William H. Seward,18.Maj
American Civil War,18.Maj
World War I,18.Maj
World War II,18.Maj
First Indochina War,18.Maj
World War II,18.Maj
Thirty Years' War,19.Maj
Anglo-Spanish War,19.Maj
American Revolutionary War,19.Maj
Mexican–American War,19.Maj
Second Boer War,19.Maj
Turkish War of Independence,19.Maj
World War II,19.Maj
Battle of Dun Nechtain,20.Maj
Battle of Alfarrobeira,20.Maj
Battle of Pampeluna,20.Maj
Thirty Years' War,20.Maj
Battle of Cartagena de Indias,20.Maj
Battle of Bautzen,20.Maj
American Civil War,20.Maj
Battle of Ware Bottom Church,20.Maj
Battle of Crete,20.Maj
Battle of Hamburger Hill,20.Maj
Russo-Ukrainian War,20.Maj
Second Northern War,21.Maj
Battle of Long Sault,21.Maj
French and Indian War,21.Maj
Battle of Aspern-Essling,21.Maj
American Civil War,21.Maj
Russo-Circassian War,21.Maj
Battle of Spotsylvania Court House,21.Maj
War of the Pacific,21.Maj
Sir Edward Leader Williams,21.Maj
Imperial War Graves Commission,21.Maj
National War Memorial,21.Maj
Falklands War,21.Maj
Ethiopian Civil War,21.Maj
war,21.Maj
Wars of the Roses,22.Maj
Thirty Years' War,22.Maj
Battle of Aspern-Essling,22.Maj
American Civil War,22.Maj
World War II,22.Maj
Anglo-Iraqi War,22.Maj
Cold War,22.Maj
Eighty Years' War,23.Maj
Thirty Years' War,23.Maj
Battle of Ramillies,23.Maj
War of the First Coalition,23.Maj
Mexican–American War,23.Maj
American Civil War,23.Maj
World War I,23.Maj
World War II,23.Maj
War of Devolution,24.Maj
Battle of Pichincha,24.Maj
American Civil War,24.Maj
Second Boer War,24.Maj
World War I,24.Maj
World War II,24.Maj
World War II,24.Maj
Arab–Israeli War,24.Maj
Battle of Pichincha,24.Maj
Iran–Iraq War,24.Maj
war crimes,24.Maj
Conojocular War,25.Maj
Battle of Carlow,25.Maj
Latin American wars of independence,25.Maj
Argentine War of Independence,25.Maj
Sholom Schwartzbard,25.Maj
Spanish Civil War,25.Maj
World War II,25.Maj
<i>Star Wars</i>,25.Maj
Falklands War,25.Maj
Battle of Avarayr,26.Maj
Eighty Years' War,26.Maj
Pequot War,26.Maj
Portuguese Restoration War,26.Maj
Battle of Ackia,26.Maj
American Revolutionary War,26.Maj
Conclusion of the American Civil War,26.Maj
Thousand Days' War,26.Maj
World War II,26.Maj
Battle of the Overpass,26.Maj
World War II,26.Maj
Battle of Gazala,26.Maj
Bangladesh Liberation War,26.Maj
Battle of Shanhai Pass,27.Maj
Battle of Oulart Hill,27.Maj
War of the Second Coalition,27.Maj
War of 1812,27.Maj
American Civil War,27.Maj
Russo-Japanese War,27.Maj
World War II,27.Maj
Vietnam War,27.Maj
Somaliland War of Independence,27.Maj
First Chechen War,27.Maj
Battle of the Eclipse,28.Maj
Battle of Hulao,28.Maj
English Civil War,28.Maj
French and Indian War,28.Maj
Russo-Japanese War,28.Maj
World War II,28.Maj
Ethiopian Civil War,28.Maj
Jnaneswari Express train derailment,28.Maj
Battle of Ctesiphon,29.Maj
Battle of Uclés,29.Maj
Battle of Monte Porzio,29.Maj
Battle of Legnano,29.Maj
Battle of Gallipoli,29.Maj
Mughal war of succession (1658–1659),29.Maj
American Revolutionary War,29.Maj
Battle of Sardarabad,29.Maj
World War I,29.Maj
Falklands War,29.Maj
National World War II Memorial,29.Maj
Hundred Years' War,30.Maj
Hussite Wars,30.Maj
Thirty Years' War,30.Maj
First Balkan War,30.Maj
World War II,30.Maj
Korean War,30.Maj
civil war,30.Maj
Cold War,30.Maj
Sierra Leone Civil War,30.Maj
Battle of Zhongdu,31.Maj
Battle of the Kalka River,31.Maj
American Civil War,31.Maj
Battle of Cold Harbor,31.Maj
Second Boer War,31.Maj
World War I,31.Maj
Anglo-Iraqi War,31.Maj
World War II,31.Maj
Cambodian Civil War,31.Maj
Syrian civil war,31.Maj
Battle of Turaida,1.Junij
Second English Civil War,1.Junij
Third Anglo-Dutch War,1.Junij
Scanian War,1.Junij
Battle of Drumclog,1.Junij
American Revolutionary War,1.Junij
French Revolutionary Wars,1.Junij
War of 1812,1.Junij
Åland War,1.Junij
American Civil War,1.Junij
Battle of Seven Pines,1.Junij
Anglo-Zulu War,1.Junij
Second Balkan War,1.Junij
World War I,1.Junij
World War II,1.Junij
Leslie Howard,1.Junij
war crimes,1.Junij
Cold War,1.Junij
Franco-Dutch War,2.Junij
Napoleonic Wars,2.Junij
World War II,2.Junij
Battle of Sesimbra Bay,3.Junij
First Opium War,3.Junij
American Civil War,3.Junij
Battle of Cold Harbor,3.Junij
World War II,3.Junij
War of the Austrian Succession,4.Junij
American Revolutionary War,4.Junij
Italian Independence wars,4.Junij
American Civil War,4.Junij
World War I,4.Junij
Julia Ward Howe,4.Junij
World War II,4.Junij
Battle of Midway,4.Junij
Cold War,4.Junij
format war,4.Junij
Battle of the Gulf of Naples,5.Junij
War of the Limburg Succession,5.Junij
Battle of Port-Républicain,5.Junij
Battle of New Ross,5.Junij
American Civil War,5.Junij
Second Boer War,5.Junij
World War I,5.Junij
World War II,5.Junij
Cold War,5.Junij
Secretary of State for War,5.Junij
Six-Day War,5.Junij
Second Republic of the Congo Civil War,5.Junij
Six-Day War in Kisangani,5.Junij
Italian Wars,6.Junij
Seven Years' War,6.Junij
War of 1812,6.Junij
Battle of Embabo,6.Junij
World War I,6.Junij
World War II,6.Junij
Lebanon War,6.Junij
Syrian civil war,6.Junij
Russo-Ukrainian war,6.Junij
Reapers' War,7.Junij
Lyons–Seward Treaty,7.Junij
War of the Pacific,7.Junij
World War I,7.Junij
Second Sino-Japanese War,7.Junij
World War II,7.Junij
prisoners of war,7.Junij
Six-Day War,7.Junij
Battle of Antioch,8.Junij
Edward the Confessor,8.Junij
Portuguese Restoration War,8.Junij
American Revolutionary War,8.Junij
American Civil War,8.Junij
Battle of Cross Keys,8.Junij
World War II,8.Junij
Edward G. Robinson,8.Junij
"Prince Edward, Duke of Kent",8.Junij
Edwards Air Force Base,8.Junij
Six-Day War,8.Junij
Vietnam War,8.Junij
Falklands War,8.Junij
Battle of Toulouse,9.Junij
Battles of Arklow,9.Junij
American Civil War,9.Junij
Battle of Brandy Station,9.Junij
Sino-French War,9.Junij
World War II,9.Junij
Vietnam War,9.Junij
Six-Day War,9.Junij
Kosovo War,9.Junij
Peshawar,9.Junij
Battle of Pelekanon,10.Junij
Battle of Mello,10.Junij
Thirty Years' War,10.Junij
Battle of Glen Shiel,10.Junij
First Barbary War,10.Junij
American Civil War,10.Junij
Battle of Brice's Crossroads,10.Junij
Spanish–American War,10.Junij
Chaco War,10.Junij
World War II,10.Junij
Six-Day War,10.Junij
Lebanon War,10.Junij
Kosovo War,10.Junij
Kevin Warwick,10.Junij
Marcomannic Wars,11.Junij
Battle of Fakhkh,11.Junij
Hundred Years' War,11.Junij
Battle of Sauchieburn,11.Junij
American Revolutionary War,11.Junij
Paraguayan War,11.Junij
Second Sino-Japanese War,11.Junij
World War II,11.Junij
Battle of Augsburg,12.Junij
Armagnac–Burgundian Civil War,12.Junij
Hundred Years' War,12.Junij
First Anglo-Dutch War,12.Junij
French and Indian War,12.Junij
American War of Independence,12.Junij
Battle of Ballynahinch,12.Junij
American Civil War,12.Junij
Chaco War,12.Junij
World War II,12.Junij
Cold War,12.Junij
Kosovo War,12.Junij
warship,13.Junij
American Revolutionary War,13.Junij
World War I,13.Junij
World War II,13.Junij
Vietnam War,13.Junij
Falklands War,13.Junij
Kwara State,13.Junij
First Barons' War,14.Junij
English Civil War,14.Junij
Franco-Spanish War,14.Junij
American Revolutionary War,14.Junij
Battle of Marengo,14.Junij
War of the Fourth Coalition,14.Junij
American Civil War,14.Junij
World War II,14.Junij
Battle of Bessang Pass,14.Junij
Falklands War,14.Junij
Battle of Soissons,15.Junij
Battle of Fimreite,15.Junij
Battle of Lindanise,15.Junij
Battle of Rozgony,15.Junij
Battle of Kosovo,15.Junij
Delaware,15.Junij
American Civil War,15.Junij
U.S. Secretary of War,15.Junij
World War II,15.Junij
Ming–Hồ War,16.Junij
Wars of the Roses,16.Junij
War of the Austrian Succession,16.Junij
Battle of Piacenza,16.Junij
French and Indian War,16.Junij
American Revolutionary War,16.Junij
French Revolutionary Wars,16.Junij
Battle of Ligny,16.Junij
World War II,16.Junij
Battle of Deptford Bridge,17.Junij
Portuguese Restoration War,17.Junij
American Revolutionary War,17.Junij
New Zealand Wars,17.Junij
American Civil War,17.Junij
Battle of Aldie,17.Junij
American Indian Wars,17.Junij
Battle of White Bird Canyon,17.Junij
World War II,17.Junij
Cold War,17.Junij
War on drugs,17.Junij
Battle of Civitate,18.Junij
Tokhtamysh–Timur war,18.Junij
Hundred Years' War,18.Junij
Seven Years' War,18.Junij
American Revolutionary War,18.Junij
declaration of war,18.Junij
Napoleonic Wars,18.Junij
World War II,18.Junij
Vietnam War,18.Junij
civil wars,19.Junij
Battle of Methven,19.Junij
War of the Second Coalition,19.Junij
Battle of Seven Oaks,19.Junij
Cold War,19.Junij
War in North-West Pakistan,19.Junij
Battle of Chalons,20.Junij
Genpei War,20.Junij
Thirty Years' War,20.Junij
American Civil War,20.Junij
World War II,20.Junij
Battle of the Philippine Sea,20.Junij
Continuation War,20.Junij
Bill Stewart,20.Junij
Falklands War,20.Junij
War of the League of Cognac,21.Junij
Battle of White Mountain,21.Junij
Battle of Vinegar Hill,21.Junij
Peninsular War,21.Junij
Greek War of Independence,21.Junij
Battle of Vergas,21.Junij
American Civil War,21.Junij
World War I,21.Junij
Cristero War,21.Junij
World War II,21.Junij
Battle of Okinawa,21.Junij
Prince Edward Theatre,21.Junij
Battle of Raphia,22.Junij
Third Macedonian War,22.Junij
Battle of Versinikia,22.Junij
Battle of Sisak,22.Junij
Battle of Cap-Français,22.Junij
declares war on Russia,22.Junij
War of 1812,22.Junij
Spanish–American War,22.Junij
Irish Civil War,22.Junij
World War II,22.Junij
Battle of Okinawa,22.Junij
Newark,22.Junij
Cold War,22.Junij
War of Saint Sabas,23.Junij
Battle of Moclín,23.Junij
First War of Scottish Independence,23.Junij
Battle of Plassey,23.Junij
Seven Years' War,23.Junij
Battle of Landeshut,23.Junij
Battle of Springfield,23.Junij
War of 1812,23.Junij
American Civil War,23.Junij
Second Balkan War,23.Junij
Estonian War of Independence,23.Junij
World War II,23.Junij
Warren E. Burger,23.Junij
software industry,23.Junij
Battle of Moira,24.Junij
Battle of Cedynia,24.Junij
Battle of São Mamede,24.Junij
First War of Scottish Independence,24.Junij
Hundred Years' War,24.Junij
Battle of Macau,24.Junij
Battle of Ameixial,24.Junij
Battle of Wilhelmsthal,24.Junij
American Revolutionary War,24.Junij
Napoleonic Wars,24.Junij
Battle of Beaver Dams,24.Junij
Battle of Carabobo,24.Junij
Battle of Solferino,24.Junij
Austro-Prussian War,24.Junij
World War II,24.Junij
Battle of Bamber Bridge,24.Junij
Cold War,24.Junij
First Indochina War,24.Junij
Battle of Vézeronce,25.Junij
Battle of Fontenay-en-Puisaye,25.Junij
War of Saint Sabas,25.Junij
Anglo-Spanish War,25.Junij
American Indian Wars,25.Junij
American Civil War,25.Junij
World War II,25.Junij
Continuation War,25.Junij
Battle of Tali-Ihantala,25.Junij
Battle of Cherbourg,25.Junij
World War II refugees,25.Junij
Korean War,25.Junij
Russo-Ukrainian War,25.Junij
Battle of Köse Dağ,26.Junij
War of the Roses,26.Junij
War of Jenkins' Ear,26.Junij
French Revolutionary Wars,26.Junij
World War I,26.Junij
Battle of Belleau Wood,26.Junij
World War II,26.Junij
Battle of Osuchy,26.Junij
Cold War,26.Junij
Yugoslav Wars,26.Junij
Battle of Dettingen,27.Junij
Anglo-Cherokee War,27.Junij
American Civil War,27.Junij
Russo-Japanese War,27.Junij
World War II,27.Junij
Korean War,27.Junij
Ten-Day War,27.Junij
Edward IV of England,28.Junij
Battle of Nagashino,28.Junij
Battle of Berestechko,28.Junij
American Revolutionary War,28.Junij
Battle of Monmouth Courthouse,28.Junij
World War I,28.Junij
Allies of World War I,28.Junij
Irish Civil War,28.Junij
World War II,28.Junij
Cold War,28.Junij
Korean War,28.Junij
Battle of Kosovo,28.Junij
Iraq War,28.Junij
Battle of Inab,29.Junij
civil war,29.Junij
Prince Edward Island,29.Junij
Battle of Cropredy Bridge,29.Junij
Battle of Konotop,29.Junij
Russo-Turkish War,29.Junij
George Edward Gouraud,29.Junij
Korean War,29.Junij
Battle of Anchialus,30.Junij
Battle of Arbedo,30.Junij
Battle of Noáin,30.Junij
Battle of Berestechko,30.Junij
Battle of Ekeren,30.Junij
Seven Years' War,30.Junij
Northwest Indian War,30.Junij
World War I,30.Junij
Warren G. Harding,30.Junij
World War II,30.Junij
Battle of Taginae,1.Julij
Battle of Dorylaeum,1.Julij
Battle of La Higueruela,1.Julij
War of the Grand Alliance,1.Julij
Battle of the Boyne,1.Julij
American Civil War,1.Julij
Battle of Gettysburg,1.Julij
Prince Edward Island,1.Julij
Spanish–American War,1.Julij
World War I,1.Julij
 National War Memorial,1.Julij
World War II,1.Julij
Cold War,1.Julij
war crimes,1.Julij
Dominion of Newfoundland National War Memorial,1.Julij
Battle of Brissarthe,2.Julij
Battle of Göllheim,2.Julij
Battle of Yamazaki,2.Julij
English Civil War,2.Julij
Wars of the Three Kingdoms,2.Julij
set off the Crimean War,2.Julij
World War I,2.Julij
Battle of Adrianople,3.Julij
French and Indian War,3.Julij
American Revolutionary War,3.Julij
American Civil War,3.Julij
Austro-Prussian War,3.Julij
Battle of Santiago de Cuba,3.Julij
World War II,3.Julij
Battle of the Crater,3.Julij
Battle of Mantinea,4.Julij
Battle of Hattin,4.Julij
Genkō War,4.Julij
Ottoman–Hungarian wars,4.Julij
Polish–Russian War,4.Julij
American Revolutionary War,4.Julij
American Civil War,4.Julij
Battle of Helena,4.Julij
Battle of Gettysburg,4.Julij
Anglo-Zulu War,4.Julij
William Howard Taft,4.Julij
Philippine–American War,4.Julij
American Civil War,4.Julij
World War I,4.Julij
World War II,4.Julij
Battle of Kursk,4.Julij
Cold War,4.Julij
World War II,4.Julij
Edwards Air Force Base,4.Julij
Battle of Manolada,5.Julij
Battle of Chesma,5.Julij
Battle of Wagram,5.Julij
War of 1812,5.Julij
Battle of Chippawa,5.Julij
Battle of Cape St. Vincent,5.Julij
World War II,5.Julij
Battle of Kursk,5.Julij
Korean War,5.Julij
war,5.Julij
Sri Lankan Civil War,5.Julij
Sri Lankan Civil War,5.Julij
Battle of Leuctra,6.Julij
Battle of Heliopolis,6.Julij
Ming–Kotte War,6.Julij
First Italian War,6.Julij
French Wars of Religion,6.Julij
Thirty Years' War,6.Julij
Battle of Sedgemoor,6.Julij
American Revolutionary War,6.Julij
American Revolutionary War,6.Julij
Battle of Wagram,6.Julij
World War I,6.Julij
Spanish Civil War,6.Julij
Anti-Jewish legislation in prewar Nazi Germany,6.Julij
World War II,6.Julij
Nigerian Civil War,6.Julij
Bosnian War,6.Julij
Sino-Indian War,6.Julij
Battle of Otumba,7.Julij
Second Anglo-Dutch War,7.Julij
Battle of Larga,7.Julij
Battle of Hubbardton,7.Julij
Quasi-War,7.Julij
War of the Fourth Coalition,7.Julij
Second Sino-Japanese War,7.Julij
World War II,7.Julij
Howard Hughes,7.Julij
Lebanese Civil War,7.Julij
Cold War,7.Julij
Yugoslav Wars,7.Julij
Iraqi Kurdish Civil War,7.Julij
Battle of Poltava,8.Julij
Battle of Dynekilen,8.Julij
Jonathan Edwards,8.Julij
Battle of Hwangsanbeol,9.Julij
Battle of Sempach,9.Julij
Battle of Carpi,9.Julij
Battle of Melle,9.Julij
Battle of Long Island,9.Julij
War of the Fourth Coalition,9.Julij
Greek War of Independence,9.Julij
American Civil War,9.Julij
World War II,9.Julij
Continuation War,9.Julij
nuclear warfare,9.Julij
rationale for the Iraq War,9.Julij
Fujiwara no Kamatari,10.Julij
"Richard Neville, 16th Earl of Warwick",10.Julij
English Civil War,10.Julij
Anglo-Spanish War (1654–1671),10.Julij
War of the Pacific,10.Julij
War of the Pacific,10.Julij
Howard Hughes,10.Julij
World War II,10.Julij
Battle of Britain,10.Julij
Korean War,10.Julij
Rainbow Warrior,10.Julij
Iraqi Civil War,10.Julij
Battle of the Golden Spurs,11.Julij
dwarf planet,11.Julij
American Revolutionary War,11.Julij
American Civil War,11.Julij
Anglo-Egyptian War,11.Julij
Irish War of Independence,11.Julij
William Howard Taft,11.Julij
World War II,11.Julij
Yugoslav Wars,11.Julij
Battle of Rajmahal,12.Julij
Battle of Aughrim,12.Julij
World War II,12.Julij
"Newark, New Jersey",12.Julij
2006 Lebanon War,12.Julij
Syrian Civil War,12.Julij
Battle of Durbe,13.Julij
Battle of Gravelines,13.Julij
Eighty Years' War,13.Julij
Anglo–Spanish War,13.Julij
English Civil War,13.Julij
Battle of Trippstadt,13.Julij
American Civil War,13.Julij
Second Balkan War,13.Julij
World War II,13.Julij
Ogaden War,13.Julij
Battle of Wanat,13.Julij
Battle of Vítkov Hill,14.Julij
Anglo-Spanish War,14.Julij
Finnish War,14.Julij
Edward Whymper,14.Julij
Battle of Delville Wood,14.Julij
Wardha,14.Julij
Korean War,14.Julij
First Jewish–Roman War,15.Julij
Swedish–Novgorodian Wars,15.Julij
Polish–Lithuanian–Teutonic War,15.Julij
Napoleonic Wars,15.Julij
American Civil War,15.Julij
World War I,15.Julij
Aftermath of World War I,15.Julij
Vietnam War,15.Julij
Sri Lankan Civil War,15.Julij
AOL Time Warner,15.Julij
Battle of Spercheios,16.Julij
Battle of Las Navas de Tolosa,16.Julij
Battle of Penghu,16.Julij
American Revolutionary War,16.Julij
American Civil War,16.Julij
Delaware River,16.Julij
1948 Arab–Israeli War,16.Julij
Syrian civil war,16.Julij
Hundred Years' War,17.Julij
Hundred Years' War,17.Julij
Spanish Civil War,17.Julij
World War II,17.Julij
First Indochina War,17.Julij
war crimes,17.Julij
Roman–Etruscan Wars,18.Julij
Battle of the Allia,18.Julij
Roman–Persian Wars,18.Julij
Goguryeo–Tang War,18.Julij
Battle of Alarcos,18.Julij
Edward I of England,18.Julij
Hundred Years' War,18.Julij
Anglo-Swedish Wars,18.Julij
American Civil War,18.Julij
World War II,18.Julij
Battle of Mullaitivu,18.Julij
Battle of Guadalete,19.Julij
Battle of Simancas,19.Julij
Arab–Byzantine wars,19.Julij
Wars of Scottish Independence,19.Julij
Italian War of 1542–46,19.Julij
Anglo-Spanish War,19.Julij
Great Northern War,19.Julij
American Civil War,19.Julij
Franco-Prussian War,19.Julij
World War I,19.Julij
Spanish Civil War,19.Julij
World War II,19.Julij
Vietnam War,19.Julij
Battle of Mirbat,19.Julij
Syrian civil war,19.Julij
Battle of Marcellae,20.Julij
Battle of Ankara,20.Julij
Seventh Ottoman–Venetian War,20.Julij
Battle of Peachtree Creek,20.Julij
Austro-Prussian War,20.Julij
World War I,20.Julij
World War II,20.Julij
1948 Arab–Israeli War,20.Julij
Cold War,20.Julij
Vietnam War,20.Julij
Football War,20.Julij
Syrian civil war,20.Julij
Syrian civil war,20.Julij
Battle of Taillebourg,21.Julij
Battle of Shrewsbury,21.Julij
Eighty Years' War,21.Julij
Anglo-Spanish War,21.Julij
Russo-Turkish War (1768–74),21.Julij
Battle of the Pyramids,21.Julij
American Civil War,21.Julij
Spanish Civil War,21.Julij
World War II,21.Julij
First Indochina War,21.Julij
Christopher Ewart-Biggs,21.Julij
Libyan–Egyptian War,21.Julij
Battle of Anzen,22.Julij
Wars of Scottish Independence,22.Julij
Old Zürich War,22.Julij
Ottoman wars in Europe,22.Julij
"Alexander Stewart, Duke of Albany",22.Julij
Battle of Dornach,22.Julij
French Revolutionary Wars,22.Julij
Napoleonic Wars,22.Julij
Peninsular War,22.Julij
American Civil War,22.Julij
Rif War,22.Julij
Spanish Civil War,22.Julij
Grossaktion Warsaw,22.Julij
World War II,22.Julij
imperial Japan's conquest of the country in the Second World War,22.Julij
Syrian civil war,22.Julij
Scanian War,23.Julij
American Civil War,23.Julij
World War II,23.Julij
Battle of Nocera,24.Julij
Wars of Scottish Independence,24.Julij
Battle of Harlaw,24.Julij
Leeuwarden,24.Julij
War of the Spanish Succession,24.Julij
American Civil War,24.Julij
World War I,24.Julij
World War II,24.Julij
Libyan–Egyptian War,24.Julij
Sri Lankan Civil War,24.Julij
Syrian civil war,24.Julij
Battle of Ourique,25.Julij
Battle of Algeciras,25.Julij
Battle of Molinella,25.Julij
Dummer's War,25.Julij
French and Indian War,25.Julij
American Revolutionary War,25.Julij
Battle of Abukir.,25.Julij
War of 1812,25.Julij
American Civil War,25.Julij
First Sino-Japanese War,25.Julij
Spanish–American War,25.Julij
World War II,25.Julij
Cold War,25.Julij
Vietnam War,25.Julij
classified documents about the War in Afghanistan,25.Julij
Battle of Siffin,26.Julij
Battle of Pliska,26.Julij
Battle of Valdejunquera,26.Julij
War of the Spanish Succession,26.Julij
French and Indian War,26.Julij
Swedish–Norwegian War,26.Julij
Battle of Dervenakia,26.Julij
American Civil War,26.Julij
Anglo-Afghan War,26.Julij
Spanish Civil War,26.Julij
Edward VIII,26.Julij
Battle of Brunete,26.Julij
World War II,26.Julij
Cold War,26.Julij
John Howard Pyle,26.Julij
Korean War,26.Julij
Vietnam War,26.Julij
"Siward, Earl of Northumbria",27.Julij
Georgian–Seljuk wars,27.Julij
Battle of Bouvines,27.Julij
Edward Gibbon,27.Julij
Battle of Bapheus,27.Julij
Battle of Killiecrankie,27.Julij
Great Northern War,27.Julij
Battle of Negro Fort,27.Julij
Second Anglo-Afghan War,27.Julij
World War I,27.Julij
World War II,27.Julij
Korean War,27.Julij
Vietnam War,27.Julij
Korean War Veterans Memorial,27.Julij
Battle of Cascina,28.Julij
Catherine Howard,28.Julij
Eighty Years' War,28.Julij
Second Northern War,28.Julij
Peninsular War,28.Julij
American Civil War,28.Julij
World War I,28.Julij
World War II,28.Julij
Vietnam War,28.Julij
Battle of Firenzuola,29.Julij
Byzantine–Bulgarian wars,29.Julij
Battle of Vlaardingen,29.Julij
Battle of Stiklestad,29.Julij
Anglo-Spanish War,29.Julij
War of the Grand Alliance,29.Julij
American Civil War,29.Julij
Korean War,29.Julij
Vietnam War,29.Julij
J. R. Jayewardene,29.Julij
Beaver Wars,30.Julij
Eighty Years' War,30.Julij
English Civil War,30.Julij
Battle of Warsaw,30.Julij
American Indian Wars,30.Julij
American Civil War,30.Julij
Academy Award,30.Julij
World War II,30.Julij
Vietnam War,30.Julij
Battle of Alexandria,31.Julij
Hundred Years' War,31.Julij
Russo-Polish War (1654–67),31.Julij
Pontiac's War,31.Julij
Russo-Japanese War,31.Julij
World War I,31.Julij
World War II,31.Julij
Irish War of Independence,31.Julij
Newark International Airport,31.Julij
Seven Years' War,1.August
French Revolutionary Wars,1.August
First Barbary War,1.August
First Sino-Japanese War,1.August
World War I,1.August
Chinese Civil War,1.August
World War II,1.August
Warsaw Uprising,1.August
Battle of Chaeronea,2.August
Battle of Cannae,2.August
Edward I of England,2.August
French Revolutionary Wars,2.August
Anglo-Afghan War,2.August
German occupation of Luxembourg during World War I,2.August
World War I,2.August
Warren G. Harding,2.August
World War II,2.August
Gulf War,2.August
Battle of Saucourt-en-Vimeu,3.August
Battle of Eisenach,3.August
Long War,3.August
Thirty Years' War,3.August
Northwest Indian War,3.August
World War I,3.August
World War II,3.August
Goguryeo-Sui War,4.August
Second Barons' War,4.August
First War of Scottish Independence,4.August
Battle of Al Kasr al Kebir,4.August
War of the Spanish Succession,4.August
Ottoman–Habsburg wars,4.August
French Revolutionary Wars,4.August
American Indian Wars,4.August
World War I,4.August
Warsaw,4.August
Vietnam War,4.August
Syrian civil war,4.August
Battle of Maserfield,5.August
Edward the Elder,5.August
Battle of Alhandic,5.August
Byzantine–Norman wars,5.August
First Scottish War of Independence,5.August
Battle of Otterburn,5.August
Battle of Kletsk,5.August
Beaver Wars,5.August
Austro-Turkish War (1716–1718),5.August
Pontiac's War,5.August
Battle of Dogger Bank,5.August
Italian campaigns of the French Revolutionary Wars,5.August
Greek War of Independence,5.August
American Civil War,5.August
Battle of Baton Rouge,5.August
Battle of Mobile Bay,5.August
World War I,5.August
Battle of Romani,5.August
World War II,5.August
Warsaw,5.August
Cold War,5.August
Vietnam War,5.August
Indo-Pakistani War of 1965,5.August
Vietnam War,5.August
Yugoslav Wars,5.August
Battle of Meloria,6.August
American Revolutionary War,6.August
Peruvian War of Independence,6.August
American Civil War,6.August
Franco-Prussian War,6.August
Battle of Wörth,6.August
World War I,6.August
Battle of Sari Bair,6.August
Battle of Mărășești,6.August
Warsaw Uprising,6.August
World War II,6.August
Gulf War,6.August
War in Afghanistan,6.August
Battle of Guinegate,7.August
Battle of Gangut,7.August
1741–1743 Russo-Swedish War,7.August
United States Department of War,7.August
Northwest Indian War,7.August
Battle of Boyacá,7.August
World War II,7.August
Vietnam War,7.August
Cold War,7.August
Gulf War,7.August
Russo-Georgian War,7.August
Battle of Qianshi,8.August
Battle of Lihula,8.August
Anglo-Spanish War,8.August
Irish Confederate Wars,8.August
American Civil War,8.August
World War I,8.August
swaraj,8.August
Gulf War,8.August
Warsaw radio mast,8.August
Caesar's Civil War,9.August
Gothic War,9.August
Ottoman–Venetian War (1499–1503),9.August
First Anglo-Powhatan War,9.August
American Indian Wars,9.August
Åland War,9.August
American Civil War,9.August
American Indian Wars,9.August
Edward VII,9.August
World War II,9.August
Continuation War,9.August
Battle of Lechfeld,10.August
Battle of Maldon,10.August
Battle of Azaz,10.August
War of the League of Cambrai,10.August
Italian War of 1551–59,10.August
Bishops' Wars,10.August
Battle of Colachel,10.August
Finnish War,10.August
American Civil War,10.August
Uruguayan War,10.August
Russo-Japanese War,10.August
Second Balkan War,10.August
World War I,10.August
Spanish Civil War,10.August
World War II,10.August
Battle of Narva,10.August
First Indochina War,10.August
Vietnam War,10.August
Wars of Scottish Independence,11.August
Battle of Otlukbeli,11.August
Franco-Dutch War,11.August
Morean War,11.August
Peninsular War,11.August
Spanish–American War,11.August
World War I,11.August
Latvian War of Independence,11.August
Vietnam War,11.August
Battle of Ascalon,12.August
Battle of Didgori,12.August
Battle of Harim,12.August
Battle of Zonchio,12.August
King Philip's War,12.August
Battle of Mohács,12.August
World War I,12.August
Battle of Halen,12.August
Korean War,12.August
Battle of the Bogside,12.August
Lebanese Civil War,12.August
Syrian civil war,12.August
War of the Spanish Succession,13.August
American Revolutionary War,13.August
Battle of Mišar,13.August
Spanish–American War,13.August
Polish–Soviet War,13.August
Second Sino-Japanese War,13.August
World War II,13.August
Cold War,13.August
Lebanese Civil War,13.August
Russo-Georgian War,13.August
Battle of Saseno,14.August
War of the Breton Succession,14.August
Battle of Aljubarrota,14.August
Nine Years' War,14.August
1788–1790 Russo-Swedish War,14.August
Swedish–Norwegian War,14.August
American Indian Wars,14.August
Battle of Peking,14.August
World War I,14.August
World War II,14.August
Lebanon War,14.August
Sri Lankan Civil War,14.August
Arab–Byzantine wars,15.August
Battle of Roncevaux Pass,15.August
Battle of Capo Colonna,15.August
Battle of Lumphanan,15.August
Battle of the Puig,15.August
Battle of Kōan,15.August
Battle of Hansan Island,15.August
Nine Years' War,15.August
Seven Years' War,15.August
American Revolutionary War,15.August
World War I,15.August
Battle of Cer,15.August
Polish–Soviet War,15.August
Greco-Italian War,15.August
World War II,15.August
Battle of Trahili,15.August
World War II,15.August
Vietnam War,15.August
Japanese war crimes,15.August
Battle of al-Mada'in,16.August
Battle of the Spurs,16.August
First Anglo-Dutch War,16.August
American Revolutionary War,16.August
Battle of Camden,16.August
War of 1812,16.August
Dominican Restoration War,16.August
Paraguayan War,16.August
Franco-Prussian War,16.August
Battle of Elands River,16.August
Battle of Lake Baikal,16.August
Polish–Soviet War,16.August
World War II,16.August
forward-swept wings,16.August
Vietnam War,16.August
Byzantine–Bulgarian wars,17.August
Hundred Years' War,17.August
Battle of Sampford Courtenay,17.August
Eighty Years' War,17.August
Austro-Turkish War of 1716–18,17.August
Finnish War,17.August
American Indian Wars,17.August
American Civil War,17.August
Battle of Gainesville,17.August
World War I,17.August
World War II,17.August
Battle of Marj Rahit,18.August
Battle of Mons-en-Pévèle,18.August
American Civil War,18.August
Franco-Prussian War,18.August
World War II,18.August
Soviet-Japanese War,18.August
Vietnam War,18.August
Battle of Long Tan,18.August
Leeward Point Field,18.August
Third Samnite War,19.August
Battle of Knockdoe,19.August
Eighty Years War,19.August
Second Anglo-Dutch War,19.August
Charles Edward Stuart,19.August
Ottoman–Persian War,19.August
Seven Years' War,19.August
American Revolutionary War,19.August
War of 1812,19.August
First Sioux War,19.August
Dakota War,19.August
World War II,19.August
Cold War,19.August
Battle of Yarmouk,20.August
Battle of Acheloos,20.August
Thirty Years' War,20.August
War of the Spanish Succession,20.August
Northwest Indian War,20.August
American Civil War,20.August
World War I,20.August
World War II,20.August
Battle of Romania,20.August
Battle of Philippeville,20.August
Cold War,20.August
Iran&#8211;Iraq War,20.August
Sri Lankan Civil War,20.August
Jin–Song Wars,21.August
Battle of the Blacks,21.August
Battle of Dunkeld,21.August
Seventh Ottoman–Venetian War,21.August
American Revolutionary War,21.August
Peninsular War,21.August
William Seward Burroughs,21.August
World War I,21.August
World War II,21.August
Cold War,21.August
Lebanese Civil War,21.August
Battle of Jengland,22.August
Battle of the Standard,22.August
Crusader–Fatimid wars,22.August
Battle of Bosworth Field,22.August
English Civil War,22.August
Battle of Passaleão,22.August
Irish Civil War,22.August
World War II,22.August
Khwarazmiyya,23.August
Battle of Tagliacozzo,23.August
Battle of Cassel,23.August
Battle of Chaldiran,23.August
French Wars of Religion,23.August
Long Turkish War,23.August
Battle of Gifu Castle,23.August
Battle of Sobota,23.August
American Revolutionary War,23.August
Edward Despard,23.August
Battle of Großbeeren,23.August
First Opium War,23.August
American Civil War,23.August
Austro-Prussian War,23.August
World War I,23.August
Japan declares war on Germany,23.August
World War II,23.August
Battle of Stalingrad,23.August
Battle of Kursk,23.August
Soviet–Japanese War,23.August
Chinese Civil War,23.August
Gulf War,23.August
Libyan Civil War,23.August
Battle of Marj Dabiq,24.August
Delaware,24.August
The War of the Hats,24.August
American Revolutionary War,24.August
Peninsular War,24.August
Mexican War of Independence,24.August
World War I,24.August
Battle of Cer,24.August
"Newark, New Jersey",24.August
Spanish Civil War,24.August
World War II,24.August
Vietnam War,24.August
dwarf planet,24.August
War of the Portuguese Succession,25.August
Battle of Randeniwela,25.August
Seven Years' War,25.August
War of 1812,25.August
Russo-Japanese War,25.August
World War I,25.August
Polish–Soviet War,25.August
World War II,25.August
Battle of the Eastern Solomons,25.August
Battle of Milne Bay,25.August
Cold War,25.August
Croatian War of Independence,25.August
Battle of al-Harrah,26.August
Battle of Manzikert,26.August
Battle of Crécy,26.August
Battle of St. Jakob an der Birs,26.August
Dutch–Portuguese War,26.August
Battle of Lens,26.August
War of the Sixth Coalition,26.August
Chilean War of Independence,26.August
World War I,26.August
Greco-Turkish War (1919–22),26.August
Spanish Civil War,26.August
World War II,26.August
South African Border War,26.August
Second Chechen War,26.August
Battle of St. Quentin,27.August
Jeongyu War,27.August
Battle of Long Island,27.August
War of the First Coalition,27.August
French Revolutionary Wars,27.August
Battle of Castlebar,27.August
Napoleonic Wars,27.August
Battle of Dresden,27.August
Black Hawk War,27.August
Battle of Baguashan,27.August
Anglo-Zanzibar War,27.August
World War I,27.August
World War I,27.August
Greco-Turkish War,27.August
World War II,27.August
Warrenpoint,27.August
Battle of Isonzo,28.August
Battle of Baekgang,28.August
Ottoman wars in Europe,28.August
Battle of Wofla,28.August
Delaware Bay,28.August
Second Bishop's War,28.August
Second English Civil War,28.August
Napoleonic Wars,28.August
American Civil War,28.August
Anglo-Zulu War,28.August
World War I,28.August
Russian Civil War,28.August
Denmark in World War II,28.August
World War II,28.August
Gulf War,28.August
Second Congo War,28.August
Battle of Fariskur,29.August
Battle of Montecatini,29.August
Edward III,29.August
Battle of Mohács,29.August
Seven Years' War,29.August
American Revolutionary War,29.August
Battle of Newtown,29.August
Battle of Køge,29.August
Brazilian war of independence,29.August
First Opium War,29.August
American Civil War,29.August
World War I,29.August
World War II,29.August
Korean War,29.August
Vietnam War,29.August
Russo-Ukrainian War,29.August
War of the Sicilian Vespers,30.August
Battle of Lake Poyang,30.August
Great Northern War,30.August
Seven Years' War,30.August
War of the Second Coalition,30.August
Creek War,30.August
American Civil War,30.August
Battle of San Juan del Monte,30.August
World War I,30.August
Greco-Turkish War,30.August
Second Vienna Award,30.August
Battle of Alam el Halfa,30.August
Bosnian War,30.August
Second Congo War,30.August
the war,30.August
War of the First Coalition,31.August
Peninsular War,31.August
American Civil War,31.August
World War I,31.August
Polish–Soviet War,31.August
World War II in Europe,31.August
World War II,31.August
Greek Civil War,31.August
Battle of Tippermuir,1.September
English Civil War,1.September
American Civil War,1.September
Franco-Prussian War,1.September
Second Anglo-Afghan War,1.September
World War II,1.September
World War II,1.September
Six-Day War,1.September
Cold War,1.September
Iraq War,1.September
Final War of the Roman Republic,2.September
Wars of Castro,2.September
American Civil War,2.September
Franco-Prussian War,2.September
Battle of Omdurman,2.September
World War II,2.September
Nigerian Civil War,2.September
Sri Lankan Civil War,2.September
Battle of Naulochus,3.September
Battle of Lalakaon,3.September
Battle of Ain Jalut,3.September
Battle of Dunbar,3.September
Battle of Worcester,3.September
American Revolutionary War,3.September
American Indian Wars,3.September
American Civil War,3.September
Franco-Prussian War,3.September
World War I,3.September
World War II,3.September
Battle of the Atlantic,3.September
Rhodesian Bush War,3.September
Battle of Lenzen,4.September
War of 1812,4.September
First Opium War,4.September
American Civil War,4.September
American Indian Wars,4.September
Spanish Civil War,4.September
World War II,4.September
war with Soviet Union,4.September
Vietnam War,4.September
War of the Grand Alliance,5.September
American Revolutionary War,5.September
War of 1812,5.September
war,5.September
American Civil War,5.September
American Indian Wars,5.September
Russo-Japanese War,5.September
World War I,5.September
Spanish Civil War,5.September
World War II,5.September
Cold War,5.September
Vietnam War,5.September
Anwar Sadat,5.September
Sri Lankan Civil War,5.September
Battle of the Frigidus,6.September
Thirty Years' War,6.September
American Revolutionary War,6.September
American Civil War,6.September
World War I,6.September
Spanish Civil War,6.September
World War II,6.September
declares war,6.September
Indo-Pakistani War of 1965,6.September
Cold War,6.September
Russo-Ukrainian War,6.September
Battle of Arsuf,7.September
"Thomas Howard, 4th Duke of Norfolk",7.September
War of the Spanish Succession,7.September
American Revolutionary War,7.September
Napoleonic Wars,7.September
American Civil War,7.September
Chaco War,7.September
World War II,7.September
Battle of Milne Bay,7.September
Indo-Pakistani War,7.September
Vietnam War,7.September
defensive war,7.September
Battle of Huoyi,8.September
Battle of Kulikovo,8.September
Battle of Orsha,8.September
Warsaw,8.September
French and Indian War,8.September
American Revolutionary War,8.September
French Revolutionary Wars,8.September
Battle of Bassano,8.September
Peninsular War,8.September
Battle of Warsaw,8.September
Crimean War,8.September
American Civil War,8.September
World War I,8.September
Rif War,8.September
World War II,8.September
Syrian civil war,8.September
Battle of Svolder,9.September
Battle of Qatwan,9.September
Battle of Saint George,9.September
Battle of Krbava Field,9.September
War of the League of Cambrai,9.September
Crimean War,9.September
American Civil War,9.September
World War I,9.September
Greco-Turkish War,9.September
World War II,9.September
Second Sino-Japanese War,9.September
Battle of Pinkie,10.September
Edward Maria Wingfield,10.September
American Revolutionary War,10.September
Battle of St. George's Caye,10.September
Battle of Lake Erie,10.September
Russian Civil War,10.September
World War II,10.September
Canadian declaration of war on Germany,10.September
Battle of the Teutoburg Forest,11.September
Battle of Stirling Bridge,11.September
Lithuanian Civil War (1389–92),11.September
Battle of Vienna,11.September
Great Turkish War,11.September
Great Northern War,11.September
Battle of Malplaquet,11.September
War of the Spanish Succession,11.September
Seven Years' War,11.September
American Revolutionary War,11.September
Battle of Brandywine,11.September
Second Anglo-Maratha War,11.September
War of 1812,11.September
Battle of Plattsburgh,11.September
Battle of Tampico,11.September
Ragamuffin War,11.September
World War I,11.September
World War II,11.September
Indo-Pakistani War,11.September
Battle of Marathon,12.September
Battle of Muret,12.September
Battle of Portopí,12.September
Austro-Ottoman War,12.September
War of 1812,12.September
Mexican–American War,12.September
Battle of Saragarhi,12.September
World War II,12.September
Battle of Edson's Ridge,12.September
Iraq War,12.September
Battle of Ad Decimum,13.September
Battle of Tangier,13.September
Wars of the Three Kingdoms,13.September
Seven Years' War,13.September
American Revolutionary War,13.September
Finnish War,13.September
War of 1812,13.September
Mexican–American War,13.September
American Civil War,13.September
Basuto Gun War,13.September
Anglo-Egyptian War,13.September
Philippine–American War,13.September
Greco-Turkish War,13.September
World War II,13.September
Battle of Meligalas,13.September
Cold War,13.September
Battle of Islandbridge,14.September
Genpei War,14.September
Battle of Homildon Hill,14.September
Morean War,14.September
Pontiac's War,14.September
American Revolutionary War,14.September
Finnish War,14.September
Napoleonic Wars,14.September
Battle of Baltimore,14.September
Russo-Turkish War,14.September
American Civil War,14.September
World War II,14.September
Warsaw Chopin Airport,14.September
Battle of the Orontes,15.September
Seven Years' War,15.September
American Revolutionary War,15.September
French Revolutionary Wars,15.September
War of 1812,15.September
American Civil War,15.September
Franco-Prussian War,15.September
First Sino-Japanese War,15.September
World War I,15.September
World War II,15.September
Battle of Peleliu,15.September
Korean War,15.September
Newark Bay,15.September
James Francis Edward Stuart,16.September
American Revolutionary War,16.September
World War I,16.September
World War II,16.September
Lebanon War,16.September
Battle of Myriokephalon,17.September
Thirteen Years' War,17.September
Polish–Ottoman War,17.September
Thirty Years' War,17.September
Portuguese Restoration War,17.September
American Revolutionary War,17.September
War of the Pyrenees,17.September
Battle of Sprimont,17.September
Finnish War,17.September
Argentine Civil Wars,17.September
American Civil War,17.September
First Sino-Japanese War,17.September
Philippine–American War,17.September
Second Boer War,17.September
Battle of Elands River,17.September
World War I,17.September
World War II,17.September
Battle of Britain,17.September
Battle of San Marino,17.September
Battle of Chawinda,17.September
Battle of Chrysopolis,18.September
Battle of Kapetron,18.September
Thirteen Years' War,18.September
French and Indian War,18.September
Peninsular War,18.September
Second Opium War,18.September
American Civil War,18.September
World War II,18.September
Battle of Arracourt,18.September
Edward the Black Prince,19.September
American Revolutionary War,19.September
French Revolutionary Wars,19.September
American Civil War,19.September
Battle of Chickamauga,19.September
Franco-Prussian War,19.September
World War I,19.September
World War II,19.September
Battle of Hürtgen Forest,19.September
Continuation War,19.September
Korean War,19.September
Battle of Fulford,20.September
Battle of Valmy,20.September
Ragamuffin War,20.September
Crimean War,20.September
Edward VII of the United Kingdom,20.September
American Civil War,20.September
Irish War of Independence,20.September
Battle of Burki,20.September
Battle of the Sexes,20.September
War on Terror,20.September
Battle of St. Matthew's Day,21.September
Hundred Years' War,21.September
Prince Charles Edward Stuart,21.September
American Revolutionary War,21.September
Secretary of War,21.September
Second Opium War,21.September
Battle of Cixi,21.September
Battle of Saule,22.September
Swabian War,22.September
Battle of Zutphen,22.September
Tuscarora War,22.September
Battle of Rymnik,22.September
Paraguayan War,22.September
World War II,22.September
Indo-Pakistani War of 1965,22.September
Prince Edward Islands,22.September
Iran–Iraq War,22.September
Peshawar,22.September
Hundred Years' War,23.September
Battle of Kherlen,23.September
Battle of Blore Heath,23.September
Battle of Flamborough Head,23.September
Second Anglo-Maratha War,23.September
Battle of Olongapo,23.September
Colorado Coalfield War,23.September
World War II,23.September
Korean War,23.September
Battle of San Juan de Ulúa,24.September
Battle of Rowton Heath,24.September
Mexican–American War,24.September
Battle of Shiroyama,24.September
Battle of Stamford Bridge,25.September
Battle of Nicopolis,25.September
Battle of Longue-Pointe,25.September
World War I,25.September
Battle of Megiddo,25.September
Battle of Pingxingguan,25.September
World War II,25.September
North Yemen Civil War,25.September
Mozambican War of Independence,25.September
Battle of Pharsalus,26.September
Battle of Compiègne,26.September
Battle of Warns,26.September
Battle of Maritsa,26.September
Hundred Years' War,26.September
Morean War,26.September
War of the 2nd Coalition,26.September
World War I,26.September
Spanish Civil War,26.September
Battle of Płowce,27.September
Gollub War,27.September
Battle of Kircholm,27.September
World War II,27.September
Battle of Kabul,27.September
Second Nagorno-Karabakh war,27.September
Battle of Tinchebray,28.September
Battle of Mühldorf,28.September
Battle of Preveza,28.September
Battle of Alcolea,28.September
Philippine–American War,28.September
World War I,28.September
World War II,28.September
siege of Warsaw,28.September
Mithridatic Wars,29.September
Hundred Years' War,29.September
French War of Religion,29.September
United States Department of War,29.September
Battle of Pákozd,29.September
American Civil War,29.September
declares war,29.September
World War I,29.September
Ukrainian War of Independence,29.September
Chaco War,29.September
World War II,29.September
Battle of Madonna dell'Olmo,30.September
World War I,30.September
Ukrainian War of Independence,30.September
World War II,30.September
Battle of Gaugamela,1.Oktober
Battle of Sprimont,1.Oktober
Russo-Persian War,1.Oktober
World War I,1.Oktober
Newark Liberty International Airport,1.Oktober
Spanish Civil War,1.Oktober
World War II,1.Oktober
Battle of Andernach,2.Oktober
Battle of Largs,2.Oktober
The Earl of Warwick,2.Oktober
American Revolutionary War,2.Oktober
American Civil War,2.Oktober
Ukrainian War of Independence,2.Oktober
World War II,2.Oktober
Warsaw Uprising,2.Oktober
Civil War,2.Oktober
Gallic Wars,3.Oktober
Liberators' civil war,3.Oktober
Battle of Penghu,3.Oktober
Russian–Turkish War,3.Oktober
Modoc War,3.Oktober
Battle of Coyotepe Hill,3.Oktober
Second Italo-Abyssinian War,3.Oktober
World War II,3.Oktober
Byzantine–Venetian War,4.Oktober
Battle of Lake Poyang,4.Oktober
Eighty Years' War,4.Oktober
Thirty Years' War,4.Oktober
Nine Years' War,4.Oktober
American Revolutionary War,4.Oktober
Crimean War,4.Oktober
World War I,4.Oktober
Battle of Cable Street,4.Oktober
Free Software Foundation,4.Oktober
Battle of Mogadishu,4.Oktober
War of 1812,5.Oktober
Nez Perce War,5.Oktober
World War I,5.Oktober
Clyde Edward Pangborn,5.Oktober
World War II,5.Oktober
Cimbrian War,6.Oktober
Third Mithridatic War,6.Oktober
Battle of Yanshi,6.Oktober
Seven Years' War,6.Oktober
American Revolutionary War,6.Oktober
Naval War College,6.Oktober
World War I,6.Oktober
World War I,6.Oktober
Ukrainian War of Independence,6.Oktober
World War II,6.Oktober
Battle of Guadalcanal,6.Oktober
Battle of the Dukla Pass,6.Oktober
Yom Kippur War,6.Oktober
Anwar Sadat,6.Oktober
Battle of Modon,7.Oktober
Battle of Lepanto,7.Oktober
American Revolutionary War,7.Oktober
Battle of Kings Mountain,7.Oktober
American Civil War,7.Oktober
World War II,7.Oktober
longest war,7.Oktober
Israel–Hamas war,7.Oktober
Battle of Bliska,8.Oktober
Second Opium War,8.Oktober
Battle of Perryville,8.Oktober
Battle of Angamos,8.Oktober
First Balkan War,8.Oktober
World War I,8.Oktober
World War II,8.Oktober
Battle of Rostov,8.Oktober
Battle of Crucifix Hill,8.Oktober
Yom Kippur War,8.Oktober
Ken Warby,8.Oktober
Second Nagorno-Karabakh War,8.Oktober
2023 Israel–Hamas war,8.Oktober
Battle of Lesnaya,9.Oktober
Seven Years' War,9.Oktober
War of the Fourth Coalition,9.Oktober
War of 1812,9.Oktober
American Civil War,9.Oktober
World War I,9.Oktober
Vietnam War,9.Oktober
Battle of Karbala,10.Oktober
War of 1812,10.Oktober
Ten Years' War,10.Oktober
Jebel Akhdar War,10.Oktober
Iraq War,10.Oktober
Jin–Song wars,11.Oktober
American Civil War,11.Oktober
Second Boer War,11.Oktober
First Balkan War,11.Oktober
National Liberation War of Macedonia,11.Oktober
World War II,11.Oktober
Battle of Hatfield Chase,12.Oktober
War of Jenkins' Ear,12.Oktober
Peasants' War,12.Oktober
World War I,12.Oktober
World War II,12.Oktober
Battle of the Hohenzollern Redoubt,13.Oktober
Battle of Hastings,14.Oktober
Edward II of England,14.Oktober
Seven Years' War,14.Oktober
War of the Third Coalition,14.Oktober
War of the Fourth Coalition,14.Oktober
American Civil War,14.Oktober
World War I,14.Oktober
Irish Civil War,14.Oktober
World War II,14.Oktober
Korean War,14.Oktober
assassination of Anwar Sadat,14.Oktober
War on Drugs,14.Oktober
Battle of Hastings,15.Oktober
Battle of the Rhyndacus,15.Oktober
American Civil War,15.Oktober
Salvadoran Civil War,15.Oktober
Battle of Wattignies,16.Oktober
Battle of Leipzig,16.Oktober
William Howard Taft,16.Oktober
World War II,16.Oktober
Warsaw Ghetto,16.Oktober
Greek Civil War,16.Oktober
War Measures Act,16.Oktober
Great Northern War,17.Oktober
American Revolutionary War,17.Oktober
Chilean War of Independence,17.Oktober
First Balkan War,17.Oktober
World War I,17.Oktober
World War II,17.Oktober
Syrian civil war,17.Oktober
Battle of Assandun,18.Oktober
Battle of Dyrrhachium,18.Oktober
Battle of Kawanakajima,18.Oktober
Battle of Fukuda Bay,18.Oktober
Battle of Șelimbăr,18.Oktober
War of the Austrian Succession,18.Oktober
American Revolutionary War,18.Oktober
Second Opium War,18.Oktober
First Balkan War,18.Oktober
Edwards v. Canada,18.Oktober
World War II,18.Oktober
Second Punic War,19.Oktober
Hundred Years' War,19.Oktober
Thirteen Years' War,19.Oktober
American Revolutionary War,19.Oktober
Battle of Ulm,19.Oktober
Battle of Leipzig,19.Oktober
American Civil War,19.Oktober
Italo-Turkish War,19.Oktober
World War I,19.Oktober
Korean War,19.Oktober
Falklands War,19.Oktober
Eighty Years' War,20.Oktober
War of the Austrian Succession,20.Oktober
Greek War of Independence,20.Oktober
World War II,20.Oktober
Battle of Leyte,20.Oktober
Cold War,20.Oktober
Sino-Indian War,20.Oktober
first Libyan civil war,20.Oktober
Syrian civil war,20.Oktober
Battle of Civetot,21.Oktober
Battle of Sekigahara,21.Oktober
Napoleonic Wars,21.Oktober
Crimean War,21.Oktober
American Civil War,21.Oktober
First Balkan War,21.Oktober
Warren G. Harding,21.Oktober
World War II,21.Oktober
Battle of Leyte Gulf,21.Oktober
Battle of Yongju,21.Oktober
National Mobilization Committee to End the War in Vietnam,21.Oktober
Iraq War,21.Oktober
Great Northern War,22.Oktober
War of Jenkins' Ear,22.Oktober
American Revolutionary War,22.Oktober
Northwest Indian War,22.Oktober
war,22.Oktober
World War II,22.Oktober
Liberators' civil war,23.Oktober
Battle of Sagrajas,23.Oktober
Danish Civil War,23.Oktober
English Civil War,23.Oktober
Battle of Nicopolis,23.Oktober
Second Opium War,23.Oktober
American Civil War,23.Oktober
Italo-Turkish War,23.Oktober
First Balkan War,23.Oktober
Second Zhili–Fengtian War,23.Oktober
Spain entering the Second World War,23.Oktober
World War II,23.Oktober
Battle of Leyte Gulf,23.Oktober
Vietnam War,23.Oktober
Lebanese Civil War,23.Oktober
Cambodian–Vietnamese War,23.Oktober
Second Chechen War,23.Oktober
Libyan Civil War,23.Oktober
War against the Islamic State,23.Oktober
Second Libyan Civil War,23.Oktober
Battle of Ain Jalut,24.Oktober
Battle of Maloyaroslavets,24.Oktober
Russo-Persian War of 1804-1813,24.Oktober
Second Opium War,24.Oktober
First Sino-Japanese War,24.Oktober
First Balkan War,24.Oktober
Battle of Kumanovo,24.Oktober
World War I,24.Oktober
Battle of Vittorio Veneto,24.Oktober
World War II,24.Oktober
Battle of Chamdo,24.Oktober
Battle of Dorylaeum,25.Oktober
Battle of Agincourt,25.Oktober
Battle of Balaclava,25.Oktober
World War II,25.Oktober
Battle of Leyte Gulf,25.Oktober
Battle of Guningtou,25.Oktober
civil war,25.Oktober
Payne Stewart,25.Oktober
Byzantine civil war of 1341–1347,26.Oktober
Battle of Myeongnyang,26.Oktober
War of 1812,26.Oktober
Edward James Roye,26.Oktober
First Balkan War,26.Oktober
World War I,26.Oktober
World War II,26.Oktober
Battle of Leyte Gulf,26.Oktober
Indo-Pakistani War of 1947–1948,26.Oktober
Ten-Day War,26.Oktober
Battle of Jena–Auerstedt,27.Oktober
World War I,27.Oktober
King Edward VIII,27.Oktober
World War II,27.Oktober
Second Ottoman–Mamluk War,28.Oktober
Abyssinian–Adal war,28.Oktober
French Wars of Religion,28.Oktober
Second Bishops’ War,28.Oktober
American Revolutionary War,28.Oktober
American Civil War,28.Oktober
Mino–Owari earthquake,28.Oktober
World War I,28.Oktober
World War II,28.Oktober
28 October 2009 Peshawar bombing,28.Oktober
Battle of the Milvian Bridge,29.Oktober
Battle of Brustem,29.Oktober
Edward Barkham (Lord Mayor),29.Oktober
Second Northern War,29.Oktober
American Civil War,29.Oktober
Ottoman entry into World War I,29.Oktober
World War II,29.Oktober
Arab–Byzantine wars,30.Oktober
Battle of Rignano,30.Oktober
Battle of Río Salado,30.Oktober
Anglo-Spanish War,30.Oktober
War of the Fourth Coalition,30.Oktober
World War I,30.Oktober
The War of the Worlds,30.Oktober
World War II,30.Oktober
Football War,30.Oktober
New Zealand Wars,31.Oktober
World War I,31.Oktober
World War II,31.Oktober
Vietnam War,31.Oktober
War of the Third Coalition,1.November
Napoleonic Wars,1.November
American Civil War,1.November
First Matabele War,1.November
Italo-Turkish War,1.November
World War I,1.November
War Admiral,1.November
World War II,1.November
Battle of Empress Augusta Bay,1.November
Algerian War of Independence,1.November
Warsaw Pact,1.November
Armagnac–Burgundian Civil War,2.November
King Philip's War,2.November
Second Boer War,2.November
First Balkan War,2.November
World War I,2.November
World War II,2.November
Howard Hughes,2.November
Canada in the Korean War,2.November
Vietnam War,2.November
Tigray War,2.November
Battle of Vyazma,3.November
Battle of Mentana,3.November
William Howard Taft,3.November
Russian Civil War,3.November
World War II,3.November
Battle of Dengbu Island,3.November
Vietnam War,3.November
Armagnac–Burgundian Civil War,4.November
Leeward Islands,4.November
Eighty Years' War,4.November
Northwest Indian War,4.November
American Civil War,4.November
Ten Years' War,4.November
World War I,4.November
Howard Carter,4.November
Spanish Civil War,4.November
World War II,4.November
Vietnam War,4.November
Tigray War,4.November
Seven Years' War,5.November
Greek War of Independence,5.November
American Civil War,5.November
American Indian Wars,5.November
William Howard Taft,5.November
World War I,5.November
World War II,5.November
Korean War,5.November
French Revolutionary Wars,6.November
Spanish Civil War,6.November
World War II,6.November
Syrian civil war,6.November
"Battle of <span title=""Vietnamese-language text""><span lang=""vi"" style=""font-style: normal;"">Tốt Động – Chúc Động</span></span>",7.November
Tecumseh's War,7.November
American Civil War,7.November
Second Boer War,7.November
World War I,7.November
Spanish Civil War,7.November
World War II,7.November
Cold War,7.November
War Powers Resolution,7.November
Cold War,7.November
Iraq War,7.November
Battle of Andrassos,8.November
Eighty Years' War,8.November
Battle of White Mountain,8.November
Charles Edward Stuart,8.November
American Civil War,8.November
Spanish Civil War,8.November
Greco-Italian War,8.November
World War II,8.November
Korean War,8.November
Vietnam War,8.November
Edward Brooke,8.November
Iraq War,8.November
Battle of Fujigawa,9.November
Edward I of England,9.November
Battle of Gammelsdorf,9.November
Battle of Posada,9.November
Battle of Ilava,9.November
Battle of White Mountain,9.November
Great Northern War,9.November
American Revolutionary War,9.November
American Civil War,9.November
Battle of Coulmiers,9.November
Edward VII,9.November
Battle of Cocos,9.November
Second Sino-Japanese War,9.November
Warsaw,9.November
Battle of Stalingrad,9.November
Vietnam War,9.November
Vietnam War,9.November
Cold War,9.November
Croat–Bosniak War,9.November
Second Nagorno-Karabakh War,9.November
Battle of Varna,10.November
War against Sigismund,10.November
Battle of Pratapgarh,10.November
Third Anglo-Dutch War,10.November
Queen Anne's War,10.November
American Civil War,10.November
USMC War Memorial,10.November
Vietnam War,10.November
Second Nagorno-Karabakh War,10.November
civil wars of the Tetrarchy,11.November
Battle of Khotyn,11.November
American Revolutionary War,11.November
Napoleonic Wars,11.November
War of 1812,11.November
World War I,11.November
Latvian War of Independence,11.November
Warren G. Harding,11.November
World War II,11.November
Vietnam War,11.November
Vietnam War,11.November
New Zealand Tomb of the Unknown Warrior,11.November
New Zealand War Memorial,11.November
Russo-Ukrainian War,11.November
Battle of Posada,12.November
First Balkan War,12.November
World War II,12.November
Battle of Sevastopol,12.November
Aftermath of World War II,12.November
Warren Harding,12.November
Vietnam War,12.November
Croatian War of Independence,12.November
War in Afghanistan,12.November
Iraq War,12.November
Battle of Alnwick,13.November
First English Civil War,13.November
Battle of Sheriffmuir,13.November
American Revolutionary War,13.November
American Civil War,13.November
Zaian War,13.November
World War I,13.November
World War II,13.November
Vietnam War,13.November
War on Terror,13.November
Napoleonic Wars,14.November
World War II,14.November
Vietnam War,14.November
War in Afghanistan,14.November
dwarf planet,14.November
Battle of the Winwaed,15.November
Battle of Morgarten,15.November
Rákóczi's War of Independence,15.November
American Revolutionary War,15.November
American Civil War,15.November
World War II,15.November
Cold War,15.November
Vietnam War,15.November
Prince Edward,16.November
Battle of Cajamarca,16.November
Thirty Years' War,16.November
American Revolutionary War,16.November
Napoleonic Wars,16.November
Greek War of Independence,16.November
American Civil War,16.November
World War II,16.November
Warsaw Ghetto,16.November
Battle of Hürtgen Forest,16.November
Grammy Award,16.November
Battle of Mizushima,17.November
French Revolutionary Wars,17.November
Anglo-Swedish War,17.November
American Civil War,17.November
Serbo-Bulgarian War,17.November
Vietnam War,17.November
Cold War,17.November
Vietnam War,17.November
Arnold Schwarzenegger,17.November
Battle of Vertières,18.November
Napoleonic Wars,18.November
Napoleonic Wars,18.November
German–Danish war of 1864,18.November
warships,18.November
World War I,18.November
World War II,18.November
Battle of Berlin,18.November
Battle of al-Qādisiyyah,19.November
American Revolutionary War,19.November
Finnish War,19.November
Warsaw University,19.November
American Civil War,19.November
Serbo-Bulgarian War,19.November
First Balkan War,19.November
World War II,19.November
Battle of Stalingrad,19.November
war bonds,19.November
Battle of Vianden,19.November
Cold War,19.November
War of Jenkins' Ear,20.November
American Revolutionary War,20.November
Battle of Vuelta de Obligado,20.November
American Civil War,20.November
World War I,20.November
World War II,20.November
Battle of Tarawa,20.November
war criminals,20.November
Vietnam War,20.November
Anwar Sadat,20.November
civil war,20.November
American Civil War,21.November
First Sino-Japanese War,21.November
First World War,21.November
Irish War of Independence,21.November
World War II,21.November
Sino-Indian War,21.November
Vietnam War,21.November
prisoner-of-war camp,21.November
Battle of Garibpur,21.November
Battle of Ballon,22.November
World War II,22.November
Battle of Stalingrad,22.November
Perkin Warbeck,23.November
Second War of Kappel,23.November
Battle of Tudela,23.November
American Civil War,23.November
Warren G. Harding,23.November
World War II,23.November
Continuation War,23.November
Khwarazmian,24.November
Hundred Years' War,24.November
Battle of Solway Moss,24.November
American Civil War,24.November
World War II,24.November
Cold War,24.November
Anwar Ibrahim,24.November
Battle of Montgisard,25.November
Cudgel War,25.November
French and Indian War,25.November
American Revolutionary War,25.November
American Civil War,25.November
American Indian Wars,25.November
World War II,25.November
World War I,25.November
World War II,25.November
Korean War,25.November
Jin–Song Wars,26.November
Battle of Berezina,26.November
Battle of Papudo,26.November
HMS <i>Bulwark</i>,26.November
Ukrainian War of Independence,26.November
Howard Carter,26.November
Winter War,26.November
World War II,26.November
Korean War,26.November
Vietnam War,26.November
American Civil War,27.November
Battle of Mine Run,27.November
American Indian Wars,27.November
U.S. Army War College,27.November
World War II,27.November
Vietnam War,27.November
Champa–Đại Việt War,28.November
Battle of Oliwa,28.November
Battle of Rullion Green,28.November
American Civil War,28.November
American Civil War,28.November
Serbo-Bulgarian War,28.November
Second Boer War,28.November
World War I,28.November
Estonian War of Independence,28.November
Irish War of Independence,28.November
World War II,28.November
Vietnam War,28.November
Iran–Iraq War,28.November
Cold War,28.November
Battle of Qianshuiyuan,29.November
Battle of Hama,29.November
Battle of Swally,29.November
American Revolutionary War,29.November
Peninsular War,29.November
Cayuse War,29.November
American Civil War,29.November
Battle of Spring Hill,29.November
Modoc War,29.November
First Indochina War,29.November
Warren Commission,29.November
Suriname Guerrilla War,29.November
Franco-German war of 978–980,30.November
Queen Anne's War,30.November
Great Northern War,30.November
American Revolutionary War,30.November
Crimean War,30.November
American Civil War,30.November
World War II,30.November
Battle of Tassafaronga,30.November
Civil War in Mandatory Palestine,30.November
Vietnam War,30.November
Cold War,30.November
First Balkan War,1.December
World War II,1.December
Cold War,1.December
Vietnam War,1.December
World War II,1.December
Cambodian Civil War,1.December
Cold War,1.December
War of the Third Coalition,2.December
Philippine–American War,2.December
World War I,2.December
World War II,2.December
Korean War,2.December
Vietnam War,2.December
Laotian Civil War,2.December
Salvadoran Civil War,2.December
American Revolutionary War,3.December
War of the Second Coalition,3.December
Battle of Hohenlinden,3.December
Battle of the Eureka Stockade,3.December
First Balkan War,3.December
Turkish–Armenian War,3.December
Greek Civil War,3.December
Indo-Pakistani War of 1971,3.December
Cold War,3.December
Battle of Lund,4.December
Charles Edward Stuart,4.December
American Civil War,4.December
First Matabele War,4.December
Ukrainian War of Independence,4.December
World War II,4.December
Chinese Civil War,4.December
Sir Duncan George Stewart,4.December
Korean War,4.December
Indo-Pakistani Naval War of 1971,4.December
Sri Lankan Civil War,4.December
Somali Civil War,4.December
Seven Years' War,5.December
Chincha Islands War,5.December
Ukrainian War of Independence,5.December
World War II,5.December
Vietnam War,5.December
Battle of Gazipur,5.December
Sri Lankan Civil War,5.December
Battle of Chamkaur,6.December
Charles Edward Stuart,6.December
World War I,6.December
World War II,6.December
Indo-Pakistani War of 1971,6.December
Yugoslav Wars,6.December
Delaware,7.December
Battle of Montgomery's Tavern,7.December
warships,7.December
World War I,7.December
World War II,7.December
Chinese Civil War,7.December
Battle of Sylhet,7.December
Battle of Canhe Slope,8.December
Battle of Loncomilla,8.December
Imperial War Council,8.December
World War I,8.December
World War II,8.December
Indo-Pakistani War,8.December
Cold War,8.December
Gothic War,9.December
Battle of Marj Ardabil,9.December
Lithuanian Civil War,9.December
Battle of Reading,9.December
American Revolutionary War,9.December
Peruvian War of Independence,9.December
American Civil War,9.December
Henry C. Warmoth,9.December
World War I,9.December
Second Sino-Japanese War,9.December
World War II,9.December
Cold War,9.December
War of Attrition,9.December
Indo-Pakistani War,9.December
Catherine Howard,10.December
Battle of Dungeness,10.December
American Civil War,10.December
Russo-Turkish War,10.December
Spanish–American War,10.December
Russo-Japanese War,10.December
Edward VIII,10.December
World War II,10.December
Battle of the Philippines,10.December
Chinese Civil War,10.December
Anwar Sadat,10.December
Battle of Orewin Bridge,11.December
Paraguayan War,11.December
Second Boer War,11.December
World War I,11.December
Irish War of Independence,11.December
Edward VIII,11.December
Second Italo-Ethiopian War,11.December
World War II,11.December
Battle of Wake Island,11.December
Arab–Israeli War,11.December
Salvadoran Civil War,11.December
First Chechen War,11.December
Mexican Drug War,11.December
Battle of Nineveh,12.December
American Civil War,12.December
Edward J. Flanagan,12.December
Second Sino-Japanese War,12.December
Winter War,12.December
World War II,12.December
English Civil War,13.December
American Civil War,13.December
Second Sino-Japanese War,13.December
World War II,13.December
Vietnam War,13.December
Iraq War,13.December
War of 1812,14.December
Toledo War,14.December
American Civil War,14.December
World War I,14.December
Winter War,14.December
Bangladesh Liberation War,14.December
War in Abkhazia,14.December
Yugoslav Wars,14.December
Vandalic War,15.December
Jin–Song wars,15.December
Battle of Baia,15.December
Third English Civil War,15.December
American Revolutionary War,15.December
American Civil War,15.December
Ella Stewart,15.December
Second Boer War,15.December
World War I,15.December
World War II,15.December
Battle of Arawe,15.December
South Sudanese Civil War,15.December
Hundred Years' War,16.December
Battle of Noryang,16.December
Seven Years' War,16.December
Benjamin W. Edwards,16.December
Battle of Blood River,16.December
American Civil War,16.December
Battle of Nashville,16.December
First Boer War,16.December
First Balkan War,16.December
World War I,16.December
World War II,16.December
Bangladesh Liberation War,16.December
Peshawar,16.December
Cologne War,17.December
War of the Quadruple Alliance,17.December
Napoleonic Wars,17.December
War of 1812,17.December
American Civil War,17.December
World War II,17.December
Battle of the Bulge,17.December
Second Congo War,17.December
Battle of Mbumbi,18.December
William Seward,18.December
World War I,18.December
World War II,18.December
Vietnam War,18.December
Chadian Civil War,18.December
French Wars of Religion,19.December
King Philip's War,19.December
American Revolutionary War,19.December
War of the First Coalition,19.December
French Revolutionary Wars,19.December
William Howard Taft,19.December
Purna Swaraj,19.December
World War II,19.December
First Indochina War,19.December
Peninsular War,20.December
World War I,20.December
World War II,20.December
Vietnam War,20.December
War on drugs,20.December
Battle of Linuesa,21.December
Battle of Curalaba,21.December
Egyptian–Ottoman War,21.December
Snow White and the Seven Dwarfs,21.December
World War II,21.December
Iraq War,21.December
Sino-Burmese War,22.December
American Civil War,22.December
World War II,22.December
Battle of the Bulge,22.December
World War II refugees,22.December
Edward Heath,22.December
Somali Civil War,22.December
Arab–Byzantine wars,23.December
Arauco War,23.December
War in the Vendée,23.December
World War I,23.December
Battle of Sarikamish,23.December
Battle of Magdhaba,23.December
Spanish Civil War,23.December
Soviet–Afghan War,23.December
Edwards Air Force Base,23.December
Battle of Ayn Shams,24.December
Battle of Bhopal,24.December
War of 1812,24.December
World War I,24.December
World War II,24.December
Vietnam War,24.December
Battle of Tucapel,25.December
American Revolutionary War,25.December
Second Seminole War,25.December
World War I,25.December
National Protection War,25.December
World War II,25.December
Anwar Sadat,25.December
Battle of Westbroek,26.December
American Revolutionary War,26.December
American Civil War,26.December
Battle of Chickasaw Bayou,26.December
World War II,26.December
Vietnam War,26.December
Cold War,26.December
Second Northern War,27.December
War of 1812,27.December
Ukrainian War of Independence,27.December
Winter War,27.December
Edward the Confessor,28.December
Battle of Kolhapur,28.December
Second Seminole War,28.December
World War II,28.December
Battle of Ortona,28.December
War in Somalia,28.December
Battle of Garigliano,29.December
American Revolutionary War,29.December
HMS&#160;<i>Warrior</i>,29.December
World War II,29.December
civil war,29.December
Battle of Glenmama,30.December
Hundred Years' War,30.December
Wars of the Roses,30.December
Queen Anne's War,30.December
War of 1812,30.December
Second Italo-Abyssinian War,30.December
Cold War,30.December
Forward Operating Base Chapman,30.December
Battle of Englefield,31.December
American Revolutionary War,31.December
American Civil War,31.December
Battle of Stones River,31.December
World War II,31.December
Cold War,31.December
Benjamin Ward,31.December
First Chechen War,31.December
